MONTHS,地区,城市/乡村,是否上网捆绑,QQ接入号,用户群类型,话单张数,用户数,自然时长（分钟）,记费次数,市话费（元）
0801,渝北局,城市,未捆绑,118318,固定电话          ,60,30,235,264,26.40
0801,渝北局,城市,未捆绑,118318,后付费包月小灵通  ,939,43,7920,8018,801.80
0801,渝北局,城市,未捆绑,118318,后付费非包月小灵通,60,22,214,235,23.50
0801,渝北局,城市,未捆绑,118318,预付费包月小灵通  ,1116,83,9967,10333,9.21
0801,渝北局,城市,未捆绑,118318,预付费非包月小灵通,130,12,3385,3405,8.23
0801,渝北局,城市,未捆绑,96501,固定电话          ,7,3,7,14,1.40
0801,渝北局,城市,未捆绑,96501,后付费非包月小灵通,4,1,3,8,0.80
0801,渝北局,城市,未捆绑,966118,固定电话          ,508,255,1571,2163,217.98
0801,渝北局,城市,未捆绑,966118,后付费包月小灵通  ,412,42,5667,5661,566.10
0801,渝北局,城市,未捆绑,966118,后付费非包月小灵通,208,27,2872,2836,284.05
0801,渝北局,城市,未捆绑,966118,预付费包月小灵通  ,1443,78,16330,16532,10.98
0801,渝北局,城市,未捆绑,966118,预付费非包月小灵通,20,3,422,425,4.26
0801,渝北局,乡村,未捆绑,118318,固定电话          ,54,13,131,173,17.30
0801,渝北局,乡村,未捆绑,118318,后付费包月小灵通  ,58,3,907,943,0.00
0801,渝北局,乡村,未捆绑,118318,预付费包月小灵通  ,21938,1104,206303,213796,102.66
0801,渝北局,乡村,未捆绑,118318,预付费非包月小灵通,281,53,1849,1992,6.27
0801,渝北局,乡村,未捆绑,96501,固定电话          ,10,2,11,20,2.00
0801,渝北局,乡村,未捆绑,966118,固定电话          ,110,67,195,350,37.70
0801,渝北局,乡村,未捆绑,966118,后付费包月小灵通  ,5,3,11,15,0.00
0801,渝北局,乡村,未捆绑,966118,预付费包月小灵通  ,23617,1169,277932,281619,77.81
0801,渝北局,乡村,未捆绑,966118,预付费非包月小灵通,308,36,3036,3119,14.90
0801,璧山局,城市,未捆绑,118318,固定电话          ,6,6,17,20,2.00
0801,璧山局,城市,未捆绑,118318,后付费包月小灵通  ,2634,126,20375,21262,2126.20
0801,璧山局,城市,未捆绑,118318,后付费非包月小灵通,361,29,995,1319,131.90
0801,璧山局,城市,未捆绑,118318,预付费非包月小灵通,1,1,1,2,0.20
0801,璧山局,城市,未捆绑,96501,固定电话          ,18,5,8,36,3.60
0801,璧山局,城市,未捆绑,966118,固定电话          ,244,135,633,943,94.30
0801,璧山局,城市,未捆绑,966118,后付费包月小灵通  ,1055,67,14714,14782,1478.20
0801,璧山局,城市,未捆绑,966118,后付费非包月小灵通,108,15,1748,1752,175.20
0801,璧山局,城市,未捆绑,966118,预付费包月小灵通  ,5,1,75,76,0.00
0801,璧山局,乡村,未捆绑,118318,固定电话          ,167,9,401,464,46.40
0801,璧山局,乡村,未捆绑,118318,后付费包月小灵通  ,5,2,44,42,4.20
0801,璧山局,乡村,未捆绑,118318,后付费非包月小灵通,3,2,4,6,0.60
0801,璧山局,乡村,未捆绑,118318,预付费包月小灵通  ,455,15,4089,4263,0.00
0801,璧山局,乡村,未捆绑,118318,预付费非包月小灵通,73,16,500,525,35.38
0801,璧山局,乡村,未捆绑,96501,固定电话          ,13,4,6,26,2.60
0801,璧山局,乡村,未捆绑,966118,固定电话          ,499,247,1147,1778,177.80
0801,璧山局,乡村,未捆绑,966118,后付费非包月小灵通,2,1,16,15,1.50
0801,璧山局,乡村,未捆绑,966118,预付费包月小灵通  ,38,9,329,345,0.00
0801,璧山局,乡村,未捆绑,966118,预付费非包月小灵通,9,4,40,38,0.29
0801,江津局,城市,未捆绑,118318,固定电话          ,23,5,87,93,9.50
0801,江津局,城市,未捆绑,118318,后付费包月小灵通  ,42,7,237,262,26.20
0801,江津局,城市,未捆绑,118318,后付费非包月小灵通,209,7,1663,1746,174.60
0801,江津局,城市,未捆绑,96501,固定电话          ,11,2,4,22,2.20
0801,江津局,城市,未捆绑,966118,固定电话          ,241,144,1213,1499,151.70
0801,江津局,城市,未捆绑,966118,后付费包月小灵通  ,4,4,13,15,1.50
0801,江津局,城市,未捆绑,966118,后付费非包月小灵通,27,7,321,323,32.30
0801,江津局,乡村,未捆绑,118318,固定电话          ,64,22,205,242,24.20
0801,江津局,乡村,未捆绑,118318,预付费包月小灵通  ,26,2,84,107,0.20
0801,江津局,乡村,未捆绑,118318,预付费非包月小灵通,9,1,45,46,0.00
0801,江津局,乡村,未捆绑,96501,固定电话          ,36,8,17,72,7.20
0801,江津局,乡村,未捆绑,966118,固定电话          ,1002,481,3850,4750,493.90
0801,江津局,乡村,未捆绑,966118,预付费非包月小灵通,4,1,6,8,0.78
0801,合川局,城市,未捆绑,118318,固定电话          ,110,15,1044,1059,106.50
0801,合川局,城市,未捆绑,118318,后付费包月小灵通  ,9,3,44,47,4.70
0801,合川局,城市,未捆绑,118318,后付费非包月小灵通,20,2,228,232,23.20
0801,合川局,城市,未捆绑,118318,预付费非包月小灵通,1,1,0,2,0.20
0801,合川局,城市,未捆绑,96501,固定电话          ,15,4,6,30,3.00
0801,合川局,城市,未捆绑,96501,后付费非包月小灵通,3,1,1,6,0.60
0801,合川局,城市,未捆绑,966118,固定电话          ,346,147,766,1167,119.40
0801,合川局,城市,未捆绑,966118,后付费非包月小灵通,14,6,108,113,11.55
0801,合川局,乡村,未捆绑,118318,固定电话          ,337,53,1796,1932,194.30
0801,合川局,乡村,未捆绑,118318,预付费包月小灵通  ,352,8,5492,5518,0.00
0801,合川局,乡村,未捆绑,118318,预付费非包月小灵通,118,9,1007,1023,5.88
0801,合川局,乡村,未捆绑,96501,固定电话          ,17,5,7,34,3.40
0801,合川局,乡村,未捆绑,966118,固定电话          ,338,110,1478,1659,167.70
0801,合川局,乡村,未捆绑,966118,预付费包月小灵通  ,51,6,537,533,0.00
0801,合川局,乡村,未捆绑,966118,预付费非包月小灵通,18,2,56,63,0.20
0801,北碚局,城市,未捆绑,118318,固定电话          ,112,23,853,897,89.70
0801,北碚局,城市,未捆绑,118318,后付费包月小灵通  ,601,57,6304,6402,637.90
0801,北碚局,城市,未捆绑,118318,后付费非包月小灵通,1182,81,8559,9026,902.60
0801,北碚局,城市,未捆绑,118318,卡式电话          ,1,1,1,2,0.09
0801,北碚局,城市,未捆绑,118318,预付费包月小灵通  ,3480,146,31035,32257,0.98
0801,北碚局,城市,未捆绑,118318,预付费非包月小灵通,145,6,886,917,2.99
0801,北碚局,城市,未捆绑,96501,固定电话          ,4,2,2,8,0.80
0801,北碚局,城市,未捆绑,96501,后付费包月小灵通  ,7,1,4,14,1.40
0801,北碚局,城市,未捆绑,96501,后付费非包月小灵通,1,1,0,2,0.20
0801,北碚局,城市,未捆绑,966118,固定电话          ,228,79,1399,1582,132.70
0801,北碚局,城市,未捆绑,966118,后付费包月小灵通  ,1089,100,12151,12189,1218.90
0801,北碚局,城市,未捆绑,966118,后付费非包月小灵通,1393,147,19080,19113,1907.70
0801,北碚局,城市,未捆绑,966118,预付费包月小灵通  ,2792,146,36939,37210,7.06
0801,北碚局,城市,未捆绑,966118,预付费非包月小灵通,43,2,331,341,0.00
0801,北碚局,乡村,未捆绑,118318,固定电话          ,280,16,870,1043,103.70
0801,北碚局,乡村,未捆绑,118318,后付费包月小灵通  ,44,4,1128,1135,78.40
0801,北碚局,乡村,未捆绑,118318,后付费非包月小灵通,102,3,999,984,98.40
0801,北碚局,乡村,未捆绑,118318,预付费包月小灵通  ,10911,578,105350,108110,4.21
0801,北碚局,乡村,未捆绑,118318,预付费非包月小灵通,712,51,5677,5947,24.50
0801,北碚局,乡村,未捆绑,966118,固定电话          ,193,71,883,1033,103.30
0801,北碚局,乡村,未捆绑,966118,后付费包月小灵通  ,3,2,1,6,0.60
0801,北碚局,乡村,未捆绑,966118,后付费非包月小灵通,57,7,1139,1134,113.20
0801,北碚局,乡村,未捆绑,966118,预付费包月小灵通  ,12858,627,141378,143808,22.54
0801,北碚局,乡村,未捆绑,966118,预付费非包月小灵通,385,35,5228,5242,0.78
0801,巴南局,城市,未捆绑,118318,固定电话          ,234,43,3807,3800,380.00
0801,巴南局,城市,未捆绑,118318,后付费包月小灵通  ,254,27,1687,1790,120.40
0801,巴南局,城市,未捆绑,118318,后付费非包月小灵通,241,22,1285,1317,131.30
0801,巴南局,城市,未捆绑,118318,预付费包月小灵通  ,5015,214,45440,47191,11.07
0801,巴南局,城市,未捆绑,118318,预付费非包月小灵通,57,10,128,165,4.17
0801,巴南局,城市,未捆绑,96501,固定电话          ,24,9,19,48,4.80
0801,巴南局,城市,未捆绑,966118,固定电话          ,1526,636,5647,7340,734.10
0801,巴南局,城市,未捆绑,966118,后付费包月小灵通  ,117,14,1460,1488,69.00
0801,巴南局,城市,未捆绑,966118,后付费非包月小灵通,278,20,3457,3467,376.45
0801,巴南局,城市,未捆绑,966118,预付费包月小灵通  ,5238,205,46848,48437,8.43
0801,巴南局,城市,未捆绑,966118,预付费非包月小灵通,1,1,0,2,0.20
0801,巴南局,乡村,未捆绑,118318,固定电话          ,77,11,260,312,31.20
0801,巴南局,乡村,未捆绑,118318,后付费包月小灵通  ,1,1,8,8,0.80
0801,巴南局,乡村,未捆绑,118318,卡式电话          ,1,1,1,2,0.17
0801,巴南局,乡村,未捆绑,118318,预付费包月小灵通  ,3959,236,36010,37353,9.60
0801,巴南局,乡村,未捆绑,118318,预付费非包月小灵通,214,26,2479,2541,22.49
0801,巴南局,乡村,未捆绑,96501,固定电话          ,15,5,12,30,3.00
0801,巴南局,乡村,未捆绑,966118,固定电话          ,521,246,1630,2198,221.80
0801,巴南局,乡村,未捆绑,966118,后付费包月小灵通  ,1,1,5,6,0.00
0801,巴南局,乡村,未捆绑,966118,预付费包月小灵通  ,5476,268,66620,67766,7.30
0801,巴南局,乡村,未捆绑,966118,预付费非包月小灵通,118,23,1353,1384,4.95
0801,永川局,城市,未捆绑,118318,固定电话          ,27,13,66,91,4.20
0801,永川局,城市,未捆绑,118318,后付费包月小灵通  ,111,16,642,688,68.80
0801,永川局,城市,未捆绑,118318,后付费非包月小灵通,149,26,808,841,84.10
0801,永川局,城市,未捆绑,118318,预付费包月小灵通  ,98,1,376,433,0.00
0801,永川局,城市,未捆绑,118318,预付费非包月小灵通,1,1,1,2,0.29
0801,永川局,城市,未捆绑,96501,固定电话          ,21,7,9,42,4.20
0801,永川局,城市,未捆绑,966118,固定电话          ,2545,425,20532,21288,2119.10
0801,永川局,城市,未捆绑,966118,后付费包月小灵通  ,103,7,1275,1277,127.70
0801,永川局,城市,未捆绑,966118,后付费非包月小灵通,144,12,1543,1579,157.90
0801,永川局,城市,未捆绑,966118,预付费包月小灵通  ,3,1,3,6,0.00
0801,永川局,城市,未捆绑,966118,预付费非包月小灵通,1,1,0,2,0.29
0801,永川局,乡村,未捆绑,118318,固定电话          ,44,18,136,170,16.50
0801,永川局,乡村,未捆绑,118318,预付费包月小灵通  ,70,1,543,581,0.00
0801,永川局,乡村,未捆绑,96501,固定电话          ,2,1,0,4,0.40
0801,永川局,乡村,未捆绑,966118,固定电话          ,2634,1016,8505,11178,1117.80
0801,永川局,乡村,未捆绑,966118,预付费非包月小灵通,2,2,2,4,0.20
0801,万州局,城市,未捆绑,118318,固定电话          ,179,13,2830,2853,285.30
0801,万州局,城市,未捆绑,118318,后付费非包月小灵通,96,28,472,516,51.70
0801,万州局,城市,未捆绑,96501,固定电话          ,41,11,42,82,8.20
0801,万州局,城市,未捆绑,96501,后付费非包月小灵通,7,2,9,14,1.40
0801,万州局,城市,未捆绑,966118,固定电话          ,145,45,870,949,94.70
0801,万州局,城市,未捆绑,966118,后付费非包月小灵通,43,11,143,167,16.70
0801,万州局,城市,未捆绑,966118,预付费非包月小灵通,2,1,0,4,0.39
0801,万州局,乡村,未捆绑,118318,固定电话          ,28,13,114,127,12.70
0801,万州局,乡村,未捆绑,118318,预付费非包月小灵通,24,8,56,74,7.25
0801,万州局,乡村,未捆绑,96501,固定电话          ,17,5,13,34,3.40
0801,万州局,乡村,未捆绑,966118,固定电话          ,898,190,3590,4142,414.20
0801,万州局,乡村,未捆绑,966118,卡式电话          ,1,1,0,2,0.09
0801,万州局,乡村,未捆绑,966118,预付费包月小灵通  ,25,2,511,510,1.37
0801,万州局,乡村,未捆绑,966118,预付费非包月小灵通,8,6,10,20,1.96
0801,开县局,城市,未捆绑,118318,固定电话          ,4,2,15,21,2.10
0801,开县局,城市,未捆绑,96501,固定电话          ,17,4,17,34,3.40
0801,开县局,城市,未捆绑,96501,后付费非包月小灵通,7,2,6,14,1.40
0801,开县局,城市,未捆绑,966118,固定电话          ,1438,815,2818,4781,478.10
0801,开县局,城市,未捆绑,966118,后付费非包月小灵通,5,1,11,12,1.20
0801,开县局,乡村,未捆绑,118318,固定电话          ,73,18,664,703,69.90
0801,开县局,乡村,未捆绑,118318,预付费包月小灵通  ,1,1,3,3,0.00
0801,开县局,乡村,未捆绑,118318,预付费非包月小灵通,1,1,2,2,0.00
0801,开县局,乡村,未捆绑,96501,固定电话          ,28,7,23,56,5.60
0801,开县局,乡村,未捆绑,966118,固定电话          ,2347,810,10300,12481,1248.10
0801,开县局,乡村,未捆绑,966118,卡式电话          ,2,1,2,4,0.26
0801,开县局,乡村,未捆绑,966118,预付费包月小灵通  ,6,1,50,51,2.55
0801,涪陵局,城市,未捆绑,118318,固定电话          ,139,15,2508,2510,251.00
0801,涪陵局,城市,未捆绑,118318,后付费包月小灵通  ,114,12,770,770,77.00
0801,涪陵局,城市,未捆绑,118318,后付费非包月小灵通,69,16,483,507,50.70
0801,涪陵局,城市,未捆绑,118318,预付费非包月小灵通,10,3,52,54,5.29
0801,涪陵局,城市,未捆绑,96501,固定电话          ,46,13,54,95,9.50
0801,涪陵局,城市,未捆绑,96501,后付费非包月小灵通,8,2,7,16,1.60
0801,涪陵局,城市,未捆绑,966118,固定电话          ,234,67,2809,2926,292.40
0801,涪陵局,城市,未捆绑,966118,后付费包月小灵通  ,210,12,2888,2852,285.20
0801,涪陵局,城市,未捆绑,966118,后付费非包月小灵通,40,8,205,205,20.50
0801,涪陵局,城市,未捆绑,966118,卡式电话          ,2,2,8,10,0.51
0801,涪陵局,乡村,未捆绑,118318,固定电话          ,43,9,253,277,27.70
0801,涪陵局,乡村,未捆绑,118318,后付费非包月小灵通,4,1,16,15,1.50
0801,涪陵局,乡村,未捆绑,118318,预付费非包月小灵通,39,3,503,497,0.00
0801,涪陵局,乡村,未捆绑,96501,固定电话          ,17,6,19,35,3.50
0801,涪陵局,乡村,未捆绑,966118,固定电话          ,498,165,3406,3700,370.40
0801,涪陵局,乡村,未捆绑,966118,后付费非包月小灵通,2,1,6,6,0.60
0801,涪陵局,乡村,未捆绑,966118,预付费非包月小灵通,19,4,321,319,0.00
0801,石柱局,城市,未捆绑,118318,固定电话          ,36,3,301,313,31.30
0801,石柱局,城市,未捆绑,118318,后付费包月小灵通  ,26,2,106,112,11.20
0801,石柱局,城市,未捆绑,118318,后付费非包月小灵通,17,6,20,13,3.00
0801,石柱局,城市,未捆绑,118318,预付费非包月小灵通,19,4,37,58,5.10
0801,石柱局,城市,未捆绑,96501,固定电话          ,28,6,31,57,5.70
0801,石柱局,城市,未捆绑,966118,固定电话          ,62,28,87,150,22.10
0801,石柱局,城市,未捆绑,966118,后付费非包月小灵通,1,1,0,0,0.10
0801,石柱局,城市,未捆绑,966118,预付费包月小灵通  ,1,1,2,2,0.00
0801,石柱局,乡村,未捆绑,118318,固定电话          ,6,4,8,13,1.30
0801,石柱局,乡村,未捆绑,118318,预付费包月小灵通  ,2,1,0,4,0.00
0801,石柱局,乡村,未捆绑,118318,预付费非包月小灵通,18,10,30,42,3.92
0801,石柱局,乡村,未捆绑,11896555,卡式电话          ,1,1,0,2,0.17
0801,石柱局,乡村,未捆绑,966118,固定电话          ,831,181,1977,2856,285.60
0801,石柱局,乡村,未捆绑,966118,预付费非包月小灵通,4,3,1,8,0.39
0801,长寿局,城市,未捆绑,118318,固定电话          ,23,8,102,111,11.10
0801,长寿局,城市,未捆绑,118318,后付费包月小灵通  ,315,25,1540,1682,168.20
0801,长寿局,城市,未捆绑,118318,后付费非包月小灵通,49,10,264,287,24.80
0801,长寿局,城市,未捆绑,96501,固定电话          ,16,5,6,32,3.20
0801,长寿局,城市,未捆绑,966118,固定电话          ,306,106,608,973,97.30
0801,长寿局,城市,未捆绑,966118,后付费包月小灵通  ,64,14,1134,1130,113.00
0801,长寿局,城市,未捆绑,966118,后付费非包月小灵通,31,3,792,790,79.00
0801,长寿局,乡村,未捆绑,118318,固定电话          ,147,34,579,696,69.60
0801,长寿局,乡村,未捆绑,118318,卡式电话          ,2,1,39,39,3.51
0801,长寿局,乡村,未捆绑,118318,预付费包月小灵通  ,141,4,2535,2549,0.00
0801,长寿局,乡村,未捆绑,96501,固定电话          ,8,3,1,16,1.60
0801,长寿局,乡村,未捆绑,966118,固定电话          ,753,206,3255,3637,363.70
0801,长寿局,乡村,未捆绑,966118,卡式电话          ,3,2,4,6,0.52
0801,长寿局,乡村,未捆绑,966118,预付费包月小灵通  ,3,1,3,6,0.00
0801,长寿局,乡村,未捆绑,966118,预付费非包月小灵通,5,1,24,24,2.65
0801,大足局,城市,未捆绑,118318,固定电话          ,11,6,45,46,4.60
0801,大足局,城市,未捆绑,118318,后付费包月小灵通  ,27,5,106,120,12.00
0801,大足局,城市,未捆绑,96501,固定电话          ,30,7,14,60,6.00
0801,大足局,城市,未捆绑,96501,后付费非包月小灵通,3,1,1,6,0.60
0801,大足局,城市,未捆绑,966118,固定电话          ,219,101,571,831,82.90
0801,大足局,城市,未捆绑,966118,后付费包月小灵通  ,3,2,3,6,0.60
0801,大足局,乡村,未捆绑,118318,固定电话          ,6,6,4,12,1.20
0801,大足局,乡村,未捆绑,118318,预付费包月小灵通  ,18,2,69,73,0.00
0801,大足局,乡村,未捆绑,966118,固定电话          ,633,322,1233,2053,205.30
0801,大足局,乡村,未捆绑,966118,预付费包月小灵通  ,44,1,1016,1017,0.00
0801,双桥局,城市,未捆绑,118318,固定电话          ,103,10,1093,1127,112.10
0801,双桥局,城市,未捆绑,118318,后付费包月小灵通  ,1052,29,6890,7492,749.20
0801,双桥局,城市,未捆绑,118318,后付费非包月小灵通,573,16,2250,2648,264.80
0801,双桥局,城市,未捆绑,96501,固定电话          ,13,4,5,26,2.60
0801,双桥局,城市,未捆绑,966118,固定电话          ,93,18,691,772,71.50
0801,双桥局,城市,未捆绑,966118,后付费包月小灵通  ,196,10,3182,3161,316.10
0801,双桥局,城市,未捆绑,966118,后付费非包月小灵通,112,5,1248,1237,123.70
0801,潼南局,城市,未捆绑,118318,固定电话          ,71,1,521,510,51.00
0801,潼南局,城市,未捆绑,118318,后付费包月小灵通  ,7,5,5,14,1.40
0801,潼南局,城市,未捆绑,118318,后付费非包月小灵通,4,2,10,12,1.20
0801,潼南局,城市,未捆绑,96501,固定电话          ,22,5,9,44,4.40
0801,潼南局,城市,未捆绑,96501,后付费包月小灵通  ,9,2,3,18,1.80
0801,潼南局,城市,未捆绑,966118,固定电话          ,190,97,749,937,92.70
0801,潼南局,城市,未捆绑,966118,后付费包月小灵通  ,44,10,408,411,41.10
0801,潼南局,城市,未捆绑,966118,后付费非包月小灵通,13,2,57,66,9.80
0801,潼南局,乡村,未捆绑,118318,固定电话          ,22,10,35,58,5.80
0801,潼南局,乡村,未捆绑,118318,预付费包月小灵通  ,8,2,88,93,0.00
0801,潼南局,乡村,未捆绑,96501,固定电话          ,25,6,12,50,5.00
0801,潼南局,乡村,未捆绑,966118,固定电话          ,1039,422,3419,4617,461.70
0801,潼南局,乡村,未捆绑,966118,卡式电话          ,1,1,4,4,0.43
0801,潼南局,乡村,未捆绑,966118,预付费包月小灵通  ,49,5,347,360,0.00
0801,荣昌局,城市,未捆绑,118318,固定电话          ,97,10,363,396,39.60
0801,荣昌局,城市,未捆绑,118318,后付费包月小灵通  ,239,41,1140,1268,126.80
0801,荣昌局,城市,未捆绑,118318,后付费非包月小灵通,2103,110,15457,16139,1613.90
0801,荣昌局,城市,未捆绑,96501,固定电话          ,4,2,2,8,0.80
0801,荣昌局,城市,未捆绑,96501,后付费非包月小灵通,6,1,4,12,1.20
0801,荣昌局,城市,未捆绑,966118,固定电话          ,100,42,233,333,33.80
0801,荣昌局,城市,未捆绑,966118,后付费包月小灵通  ,116,15,1775,1771,177.10
0801,荣昌局,城市,未捆绑,966118,后付费非包月小灵通,582,54,8909,8949,894.90
0801,荣昌局,城市,未捆绑,966118,卡式电话          ,4,2,8,9,0.86
0801,荣昌局,乡村,未捆绑,118318,固定电话          ,90,30,220,271,27.40
0801,荣昌局,乡村,未捆绑,118318,预付费包月小灵通  ,49,9,258,268,0.00
0801,荣昌局,乡村,未捆绑,118318,预付费非包月小灵通,1,1,5,5,0.74
0801,荣昌局,乡村,未捆绑,96501,固定电话          ,3,1,1,6,0.60
0801,荣昌局,乡村,未捆绑,966118,固定电话          ,278,82,2117,2259,226.90
0801,荣昌局,乡村,未捆绑,966118,卡式电话          ,3,2,15,14,1.45
0801,荣昌局,乡村,未捆绑,966118,预付费包月小灵通  ,14,4,150,153,0.59
0801,巫溪局,城市,未捆绑,118318,固定电话          ,4,2,10,11,1.10
0801,巫溪局,城市,未捆绑,118318,预付费非包月小灵通,1,1,1,2,0.20
0801,巫溪局,城市,未捆绑,96501,固定电话          ,22,6,24,44,4.40
0801,巫溪局,城市,未捆绑,966118,固定电话          ,116,52,117,290,28.90
0801,巫溪局,城市,未捆绑,966118,后付费非包月小灵通,5,1,24,24,2.40
0801,巫溪局,乡村,未捆绑,118318,固定电话          ,38,1,133,154,15.40
0801,巫溪局,乡村,未捆绑,96501,固定电话          ,9,2,8,18,1.80
0801,巫溪局,乡村,未捆绑,966118,固定电话          ,765,270,1712,2655,257.70
0801,忠县局,城市,未捆绑,118318,固定电话          ,15,5,98,103,10.30
0801,忠县局,城市,未捆绑,118318,后付费非包月小灵通,4,2,5,9,0.90
0801,忠县局,城市,未捆绑,96501,固定电话          ,6,1,9,12,1.20
0801,忠县局,城市,未捆绑,96501,后付费非包月小灵通,4,1,3,8,0.80
0801,忠县局,城市,未捆绑,966118,固定电话          ,518,249,1596,2259,225.90
0801,忠县局,城市,未捆绑,966118,后付费非包月小灵通,17,3,121,120,12.00
0801,忠县局,乡村,未捆绑,118318,固定电话          ,43,10,309,335,33.50
0801,忠县局,乡村,未捆绑,118318,预付费非包月小灵通,5,2,6,10,0.98
0801,忠县局,乡村,未捆绑,96501,固定电话          ,24,6,24,48,4.80
0801,忠县局,乡村,未捆绑,966118,固定电话          ,2300,758,8322,10401,1040.10
0801,忠县局,乡村,未捆绑,966118,后付费非包月小灵通,4,1,24,23,2.30
0801,忠县局,乡村,未捆绑,966118,卡式电话          ,12,8,112,106,10.03
0801,云阳局,城市,未捆绑,118318,固定电话          ,12,5,20,31,3.10
0801,云阳局,城市,未捆绑,118318,后付费非包月小灵通,8,1,14,17,1.70
0801,云阳局,城市,未捆绑,118318,预付费非包月小灵通,14,5,26,42,5.49
0801,云阳局,城市,未捆绑,96501,固定电话          ,11,2,4,22,2.20
0801,云阳局,城市,未捆绑,96501,后付费非包月小灵通,4,2,3,8,0.80
0801,云阳局,城市,未捆绑,966118,固定电话          ,172,73,745,879,87.90
0801,云阳局,城市,未捆绑,966118,后付费非包月小灵通,32,3,222,219,21.90
0801,云阳局,城市,未捆绑,966118,卡式电话          ,3,1,7,8,0.77
0801,云阳局,城市,未捆绑,966118,预付费非包月小灵通,2,2,1,4,0.59
0801,云阳局,乡村,未捆绑,118318,固定电话          ,119,38,449,535,53.50
0801,云阳局,乡村,未捆绑,118318,预付费包月小灵通  ,5,1,11,12,0.00
0801,云阳局,乡村,未捆绑,118318,预付费非包月小灵通,4,2,0,8,0.88
0801,云阳局,乡村,未捆绑,966118,固定电话          ,4783,1754,14837,19222,1922.20
0801,云阳局,乡村,未捆绑,966118,卡式电话          ,5,1,59,60,5.24
0801,云阳局,乡村,未捆绑,966118,预付费非包月小灵通,13,1,52,56,5.49
0801,奉节局,城市,未捆绑,118318,后付费包月小灵通  ,1,1,0,2,0.20
0801,奉节局,城市,未捆绑,118318,后付费非包月小灵通,7,6,105,114,11.40
0801,奉节局,城市,未捆绑,118318,预付费非包月小灵通,6,1,5,12,1.18
0801,奉节局,城市,未捆绑,96501,固定电话          ,10,4,8,20,2.00
0801,奉节局,城市,未捆绑,96501,后付费非包月小灵通,3,1,2,6,0.60
0801,奉节局,城市,未捆绑,966118,固定电话          ,187,91,265,509,51.10
0801,奉节局,城市,未捆绑,966118,后付费包月小灵通  ,20,1,149,150,15.00
0801,奉节局,城市,未捆绑,966118,后付费非包月小灵通,23,3,83,101,10.10
0801,奉节局,乡村,未捆绑,118318,固定电话          ,8,2,6,16,1.60
0801,奉节局,乡村,未捆绑,118318,预付费非包月小灵通,16,8,68,84,8.23
0801,奉节局,乡村,未捆绑,96501,固定电话          ,8,2,10,16,1.60
0801,奉节局,乡村,未捆绑,966118,固定电话          ,1264,409,3523,4712,471.20
0801,奉节局,乡村,未捆绑,966118,预付费非包月小灵通,16,1,14,34,3.33
0801,巫山局,城市,未捆绑,118318,固定电话          ,3,2,12,11,1.10
0801,巫山局,城市,未捆绑,118318,后付费非包月小灵通,7,5,94,101,10.10
0801,巫山局,城市,未捆绑,96501,固定电话          ,13,5,11,22,1.60
0801,巫山局,城市,未捆绑,96501,后付费非包月小灵通,3,1,2,6,0.60
0801,巫山局,城市,未捆绑,966118,固定电话          ,65,51,48,144,14.10
0801,巫山局,城市,未捆绑,966118,后付费非包月小灵通,1,1,14,14,1.40
0801,巫山局,乡村,未捆绑,118318,固定电话          ,3,1,10,12,1.20
0801,巫山局,乡村,未捆绑,118318,预付费非包月小灵通,2,1,6,5,0.49
0801,巫山局,乡村,未捆绑,96501,固定电话          ,29,7,29,59,5.90
0801,巫山局,乡村,未捆绑,966118,固定电话          ,267,99,663,918,91.80
0801,城口局,城市,未捆绑,118318,固定电话          ,33,5,544,534,53.40
0801,城口局,城市,未捆绑,118318,预付费包月小灵通  ,5,1,31,29,0.00
0801,城口局,城市,未捆绑,96501,固定电话          ,12,4,13,24,2.40
0801,城口局,城市,未捆绑,966118,固定电话          ,26,14,110,133,13.30
0801,城口局,城市,未捆绑,966118,预付费包月小灵通  ,6,1,54,58,0.00
0801,城口局,乡村,未捆绑,118318,固定电话          ,8,2,64,63,6.30
0801,城口局,乡村,未捆绑,118318,预付费非包月小灵通,2,2,0,4,0.59
0801,城口局,乡村,未捆绑,96501,固定电话          ,6,1,7,12,1.20
0801,城口局,乡村,未捆绑,966118,固定电话          ,11,8,33,42,4.20
0801,丰都局,城市,未捆绑,118318,固定电话          ,20,6,140,144,14.40
0801,丰都局,城市,未捆绑,118318,后付费非包月小灵通,81,6,3218,3205,320.50
0801,丰都局,城市,未捆绑,118318,预付费非包月小灵通,2,2,7,6,0.59
0801,丰都局,城市,未捆绑,96501,固定电话          ,8,3,5,16,1.60
0801,丰都局,城市,未捆绑,96501,后付费非包月小灵通,3,1,6,9,0.90
0801,丰都局,城市,未捆绑,966118,固定电话          ,138,47,431,537,53.70
0801,丰都局,城市,未捆绑,966118,后付费非包月小灵通,13,3,107,106,10.60
0801,丰都局,城市,未捆绑,966118,预付费非包月小灵通,15,3,92,98,9.60
0801,丰都局,乡村,未捆绑,118318,固定电话          ,15,8,46,62,6.20
0801,丰都局,乡村,未捆绑,118318,预付费非包月小灵通,1,1,0,2,0.20
0801,丰都局,乡村,未捆绑,96501,固定电话          ,2,1,1,4,0.40
0801,丰都局,乡村,未捆绑,966118,固定电话          ,514,118,2574,2793,279.30
0801,丰都局,乡村,未捆绑,966118,卡式电话          ,5,2,39,38,3.61
0801,丰都局,乡村,未捆绑,966118,预付费包月小灵通  ,1,1,3,3,0.00
0801,丰都局,乡村,未捆绑,966118,预付费非包月小灵通,26,2,233,226,22.15
0801,南川局,城市,未捆绑,118318,固定电话          ,32,7,96,110,11.20
0801,南川局,城市,未捆绑,118318,后付费非包月小灵通,3,2,23,22,2.20
0801,南川局,城市,未捆绑,96501,固定电话          ,10,3,8,20,2.00
0801,南川局,城市,未捆绑,96501,后付费非包月小灵通,3,1,2,6,0.60
0801,南川局,城市,未捆绑,966118,固定电话          ,309,88,1405,1608,160.80
0801,南川局,城市,未捆绑,966118,后付费包月小灵通  ,2,1,3,4,0.40
0801,南川局,乡村,未捆绑,118318,固定电话          ,148,16,905,975,97.50
0801,南川局,乡村,未捆绑,118318,预付费非包月小灵通,1,1,0,2,0.29
0801,南川局,乡村,未捆绑,11896555,卡式电话          ,1,1,2,2,0.17
0801,南川局,乡村,未捆绑,96501,固定电话          ,15,4,16,30,3.00
0801,南川局,乡村,未捆绑,966118,固定电话          ,1223,272,5771,6397,639.70
0801,南川局,乡村,未捆绑,966118,卡式电话          ,1,1,1,2,0.17
0801,南川局,乡村,未捆绑,966118,预付费非包月小灵通,2,1,1,4,0.59
0801,酉阳局,城市,未捆绑,118318,固定电话          ,46,10,656,659,65.90
0801,酉阳局,城市,未捆绑,118318,后付费非包月小灵通,1,1,53,53,5.30
0801,酉阳局,城市,未捆绑,118318,预付费包月小灵通  ,4,2,32,31,0.00
0801,酉阳局,城市,未捆绑,96501,固定电话          ,6,2,4,12,1.20
0801,酉阳局,城市,未捆绑,966118,固定电话          ,214,65,1165,1318,131.70
0801,酉阳局,城市,未捆绑,966118,预付费包月小灵通  ,3,1,6,6,0.00
0801,酉阳局,城市,未捆绑,966118,预付费非包月小灵通,34,2,170,172,24.89
0801,酉阳局,乡村,未捆绑,118318,固定电话          ,16,2,76,77,7.70
0801,酉阳局,乡村,未捆绑,118318,预付费包月小灵通  ,5,2,18,20,0.00
0801,酉阳局,乡村,未捆绑,118318,预付费非包月小灵通,8,2,23,27,0.00
0801,酉阳局,乡村,未捆绑,96501,固定电话          ,38,9,42,77,7.70
0801,酉阳局,乡村,未捆绑,966118,固定电话          ,260,83,1863,2052,205.20
0801,酉阳局,乡村,未捆绑,966118,预付费包月小灵通  ,87,3,678,713,0.00
0801,酉阳局,乡村,未捆绑,966118,预付费非包月小灵通,28,2,165,174,0.20
0801,秀山局,城市,未捆绑,118318,固定电话          ,54,8,210,225,22.50
0801,秀山局,城市,未捆绑,118318,后付费包月小灵通  ,242,13,2132,2145,214.50
0801,秀山局,城市,未捆绑,118318,后付费非包月小灵通,19,6,76,94,7.80
0801,秀山局,城市,未捆绑,118318,预付费包月小灵通  ,1,1,0,2,0.00
0801,秀山局,城市,未捆绑,118318,预付费非包月小灵通,17,9,37,57,8.38
0801,秀山局,城市,未捆绑,96501,固定电话          ,12,4,12,24,2.40
0801,秀山局,城市,未捆绑,966118,固定电话          ,610,300,1755,2422,241.80
0801,秀山局,城市,未捆绑,966118,后付费包月小灵通  ,155,9,1613,1592,159.20
0801,秀山局,乡村,未捆绑,118318,固定电话          ,2,2,1,4,0.40
0801,秀山局,乡村,未捆绑,118318,后付费非包月小灵通,1,1,3,3,0.30
0801,秀山局,乡村,未捆绑,118318,预付费非包月小灵通,43,11,174,198,25.92
0801,秀山局,乡村,未捆绑,96501,固定电话          ,9,2,9,19,1.90
0801,秀山局,乡村,未捆绑,966118,固定电话          ,510,157,1693,2019,201.90
0801,秀山局,乡村,未捆绑,966118,预付费非包月小灵通,1,1,1,2,0.29
0801,彭水局,城市,未捆绑,118318,预付费非包月小灵通,10,2,22,28,2.94
0801,彭水局,城市,未捆绑,96501,固定电话          ,5,1,4,10,1.00
0801,彭水局,城市,未捆绑,966118,固定电话          ,62,28,299,361,15.40
0801,彭水局,城市,未捆绑,966118,后付费非包月小灵通,25,2,468,464,46.40
0801,彭水局,城市,未捆绑,966118,预付费非包月小灵通,1,1,0,2,0.20
0801,彭水局,乡村,未捆绑,118318,预付费包月小灵通  ,139,5,1660,1715,0.00
0801,彭水局,乡村,未捆绑,118318,预付费非包月小灵通,6,4,2,12,1.27
0801,彭水局,乡村,未捆绑,96501,固定电话          ,3,1,3,6,0.60
0801,彭水局,乡村,未捆绑,966118,固定电话          ,611,164,1860,2385,238.50
0801,彭水局,乡村,未捆绑,966118,预付费包月小灵通  ,132,14,1828,1808,0.00
0801,彭水局,乡村,未捆绑,966118,预付费非包月小灵通,2,2,0,4,0.20
0801,綦江局,城市,未捆绑,118318,固定电话          ,20,8,78,90,9.00
0801,綦江局,城市,未捆绑,118318,后付费包月小灵通  ,3,2,10,9,0.90
0801,綦江局,城市,未捆绑,118318,后付费非包月小灵通,9,6,11,20,2.00
0801,綦江局,城市,未捆绑,96501,固定电话          ,12,3,5,24,2.40
0801,綦江局,城市,未捆绑,96501,后付费非包月小灵通,3,1,1,6,0.60
0801,綦江局,城市,未捆绑,966118,固定电话          ,153,28,1224,1250,125.00
0801,綦江局,城市,未捆绑,966118,后付费包月小灵通  ,1,1,0,2,0.20
0801,綦江局,城市,未捆绑,966118,后付费非包月小灵通,39,6,229,231,23.10
0801,綦江局,乡村,未捆绑,118318,固定电话          ,15,6,31,39,3.90
0801,綦江局,乡村,未捆绑,118318,预付费包月小灵通  ,6,2,28,31,0.00
0801,綦江局,乡村,未捆绑,118318,预付费非包月小灵通,149,3,796,786,113.68
0801,綦江局,乡村,未捆绑,96501,固定电话          ,12,3,4,24,2.40
0801,綦江局,乡村,未捆绑,966118,固定电话          ,598,126,5043,5312,531.20
0801,綦江局,乡村,未捆绑,966118,预付费非包月小灵通,4,1,8,10,0.00
0801,万盛局,城市,未捆绑,118318,固定电话          ,2,2,2,4,0.40
0801,万盛局,城市,未捆绑,118318,后付费非包月小灵通,13,5,78,89,8.90
0801,万盛局,城市,未捆绑,96501,后付费非包月小灵通,4,1,1,8,0.80
0801,万盛局,城市,未捆绑,966118,固定电话          ,135,89,181,387,38.70
0801,万盛局,城市,未捆绑,966118,后付费非包月小灵通,38,9,291,293,29.30
0801,万盛局,乡村,未捆绑,118318,固定电话          ,24,10,112,123,12.30
0801,万盛局,乡村,未捆绑,118318,预付费非包月小灵通,54,5,222,259,3.92
0801,万盛局,乡村,未捆绑,96501,固定电话          ,3,1,1,6,0.60
0801,万盛局,乡村,未捆绑,966118,固定电话          ,205,66,1850,1972,197.40
0801,万盛局,乡村,未捆绑,966118,预付费包月小灵通  ,8,1,87,91,0.00
0801,万盛局,乡村,未捆绑,966118,预付费非包月小灵通,3,2,5,8,0.78
0801,铜梁局,城市,未捆绑,118318,固定电话          ,108,22,821,831,83.80
0801,铜梁局,城市,未捆绑,118318,后付费包月小灵通  ,39,4,210,230,2.60
0801,铜梁局,城市,未捆绑,118318,后付费非包月小灵通,2,2,3,4,0.40
0801,铜梁局,城市,未捆绑,118318,预付费非包月小灵通,6,1,16,25,2.45
0801,铜梁局,城市,未捆绑,96501,固定电话          ,30,7,14,60,6.00
0801,铜梁局,城市,未捆绑,96501,后付费非包月小灵通,1,1,0,2,0.20
0801,铜梁局,城市,未捆绑,966118,固定电话          ,329,63,2194,2264,228.60
0801,铜梁局,城市,未捆绑,966118,后付费包月小灵通  ,59,5,768,798,11.60
0801,铜梁局,城市,未捆绑,966118,后付费非包月小灵通,5,2,16,16,1.60
0801,铜梁局,乡村,未捆绑,118318,固定电话          ,15,6,27,40,4.00
0801,铜梁局,乡村,未捆绑,118318,预付费非包月小灵通,5,3,0,10,0.98
0801,铜梁局,乡村,未捆绑,96501,固定电话          ,27,7,12,54,5.40
0801,铜梁局,乡村,未捆绑,966118,固定电话          ,757,170,3806,4098,409.80
0801,铜梁局,乡村,未捆绑,966118,卡式电话          ,3,3,13,13,1.28
0801,铜梁局,乡村,未捆绑,966118,预付费非包月小灵通,29,3,128,130,12.74
0801,梁平局,城市,未捆绑,118318,固定电话          ,95,12,438,471,47.10
0801,梁平局,城市,未捆绑,118318,后付费非包月小灵通,25,6,227,231,23.10
0801,梁平局,城市,未捆绑,96501,固定电话          ,24,5,25,49,4.90
0801,梁平局,城市,未捆绑,96501,后付费非包月小灵通,3,1,1,6,0.60
0801,梁平局,城市,未捆绑,966118,固定电话          ,238,128,1023,1295,129.40
0801,梁平局,城市,未捆绑,966118,后付费包月小灵通  ,7,1,121,118,11.80
0801,梁平局,城市,未捆绑,966118,后付费非包月小灵通,25,7,103,113,11.30
0801,梁平局,乡村,未捆绑,118318,固定电话          ,30,8,90,101,10.10
0801,梁平局,乡村,未捆绑,118318,后付费非包月小灵通,3,1,8,7,0.70
0801,梁平局,乡村,未捆绑,96501,固定电话          ,14,3,12,28,2.80
0801,梁平局,乡村,未捆绑,966118,固定电话          ,1844,867,3212,5383,538.30
0801,梁平局,乡村,未捆绑,966118,卡式电话          ,5,2,23,21,2.15
0801,武隆局,城市,未捆绑,118318,固定电话          ,6,5,25,26,2.60
0801,武隆局,城市,未捆绑,118318,后付费非包月小灵通,1,1,1,2,0.20
0801,武隆局,城市,未捆绑,96501,固定电话          ,14,3,13,28,2.80
0801,武隆局,城市,未捆绑,966118,固定电话          ,46,25,78,125,12.50
0801,武隆局,城市,未捆绑,966118,预付费包月小灵通  ,6,1,32,34,0.00
0801,武隆局,乡村,未捆绑,118318,固定电话          ,15,3,25,38,3.80
0801,武隆局,乡村,未捆绑,118318,预付费包月小灵通  ,2,1,3,4,0.00
0801,武隆局,乡村,未捆绑,118318,预付费非包月小灵通,1,1,0,2,0.20
0801,武隆局,乡村,未捆绑,96501,固定电话          ,8,2,10,16,1.60
0801,武隆局,乡村,未捆绑,966118,固定电话          ,318,79,1368,1498,149.80
0801,武隆局,乡村,未捆绑,966118,预付费包月小灵通  ,13,3,70,70,0.00
0801,垫江局,城市,未捆绑,118318,固定电话          ,129,19,731,799,79.90
0801,垫江局,城市,未捆绑,118318,后付费包月小灵通  ,7,2,21,27,2.70
0801,垫江局,城市,未捆绑,118318,后付费非包月小灵通,47,5,234,227,22.70
0801,垫江局,城市,未捆绑,118318,预付费非包月小灵通,3,3,1,6,0.61
0801,垫江局,城市,未捆绑,11896555,卡式电话          ,10,10,14,21,1.79
0801,垫江局,城市,未捆绑,96501,固定电话          ,10,3,9,20,2.00
0801,垫江局,城市,未捆绑,96501,后付费非包月小灵通,4,1,5,8,0.80
0801,垫江局,城市,未捆绑,966118,固定电话          ,80,59,157,270,25.70
0801,垫江局,城市,未捆绑,966118,后付费包月小灵通  ,94,1,133,252,25.20
0801,垫江局,城市,未捆绑,966118,后付费非包月小灵通,1,1,3,3,0.48
0801,垫江局,城市,未捆绑,966118,卡式电话          ,2,1,7,6,0.69
0801,垫江局,乡村,未捆绑,118318,固定电话          ,46,18,133,157,15.70
0801,垫江局,乡村,未捆绑,118318,预付费包月小灵通  ,146,6,584,648,0.00
0801,垫江局,乡村,未捆绑,118318,预付费非包月小灵通,25,4,86,89,2.55
0801,垫江局,乡村,未捆绑,96501,固定电话          ,10,4,9,20,2.00
0801,垫江局,乡村,未捆绑,966118,固定电话          ,2060,559,7030,9075,907.50
0801,垫江局,乡村,未捆绑,966118,预付费包月小灵通  ,4,1,114,113,0.00
0801,垫江局,乡村,未捆绑,966118,预付费非包月小灵通,4,1,16,15,0.59
0801,黔江局,城市,未捆绑,118318,固定电话          ,28,6,121,125,12.50
0801,黔江局,城市,未捆绑,118318,后付费包月小灵通  ,4,1,10,14,1.40
0801,黔江局,城市,未捆绑,118318,后付费非包月小灵通,1,1,0,2,0.20
0801,黔江局,城市,未捆绑,118318,卡式电话          ,1,1,5,5,0.51
0801,黔江局,城市,未捆绑,118318,预付费非包月小灵通,3,2,1,6,0.29
0801,黔江局,城市,未捆绑,96501,固定电话          ,7,2,6,11,0.40
0801,黔江局,城市,未捆绑,966118,固定电话          ,303,182,846,1206,120.40
0801,黔江局,城市,未捆绑,966118,后付费非包月小灵通,25,2,224,223,22.30
0801,黔江局,城市,未捆绑,966118,预付费非包月小灵通,5,1,3,10,0.98
0801,黔江局,乡村,未捆绑,118318,固定电话          ,6,1,6,12,1.20
0801,黔江局,乡村,未捆绑,118318,预付费包月小灵通  ,18,1,118,117,0.00
0801,黔江局,乡村,未捆绑,118318,预付费非包月小灵通,8,6,17,25,2.25
0801,黔江局,乡村,未捆绑,96501,固定电话          ,5,1,5,10,1.00
0801,黔江局,乡村,未捆绑,966118,固定电话          ,216,75,611,740,74.00
0801,黔江局,乡村,未捆绑,966118,预付费包月小灵通  ,3,2,1,6,0.00
0801,黔江局,乡村,未捆绑,966118,预付费非包月小灵通,3,1,6,9,0.88
0801,南坪局,城市,未捆绑,118318,固定电话          ,591,116,5507,5601,556.00
0801,南坪局,城市,未捆绑,118318,后付费包月小灵通  ,718,48,4245,4596,459.60
0801,南坪局,城市,未捆绑,118318,后付费非包月小灵通,147,23,1238,1279,127.90
0801,南坪局,城市,未捆绑,118318,卡式电话          ,5,3,13,15,1.38
0801,南坪局,城市,未捆绑,118318,预付费包月小灵通  ,729,57,4209,4295,420.91
0801,南坪局,城市,未捆绑,118318,预付费非包月小灵通,297,104,1245,1416,158.12
0801,南坪局,城市,未捆绑,11896555,卡式电话          ,3,1,10,14,0.56
0801,南坪局,城市,未捆绑,96501,固定电话          ,95,22,104,194,19.40
0801,南坪局,城市,未捆绑,96501,后付费包月小灵通  ,9,2,12,19,1.90
0801,南坪局,城市,未捆绑,966118,固定电话          ,2617,1348,7061,10176,1017.80
0801,南坪局,城市,未捆绑,966118,后付费包月小灵通  ,767,38,3336,3792,379.20
0801,南坪局,城市,未捆绑,966118,后付费非包月小灵通,83,15,749,746,76.65
0801,南坪局,城市,未捆绑,966118,卡式电话          ,1,1,6,7,0.30
0801,南坪局,城市,未捆绑,966118,预付费包月小灵通  ,263,31,2660,2656,260.39
0801,南坪局,城市,未捆绑,966118,预付费非包月小灵通,190,51,1253,1295,145.87
0801,上清寺局,城市,未捆绑,118318,固定电话          ,911,79,4576,5167,516.70
0801,上清寺局,城市,未捆绑,118318,后付费包月小灵通  ,567,81,5695,5763,576.30
0801,上清寺局,城市,未捆绑,118318,后付费非包月小灵通,318,41,4076,4080,396.60
0801,上清寺局,城市,未捆绑,118318,卡式电话          ,7,5,8,19,0.88
0801,上清寺局,城市,未捆绑,118318,预付费包月小灵通  ,1898,79,4873,6705,657.09
0801,上清寺局,城市,未捆绑,118318,预付费非包月小灵通,225,70,968,1153,118.83
0801,上清寺局,城市,未捆绑,11896555,卡式电话          ,28,21,77,123,4.05
0801,上清寺局,城市,未捆绑,96501,固定电话          ,67,20,82,135,13.50
0801,上清寺局,城市,未捆绑,96501,后付费包月小灵通  ,18,5,16,36,3.60
0801,上清寺局,城市,未捆绑,96501,后付费非包月小灵通,9,3,8,18,1.80
0801,上清寺局,城市,未捆绑,96501,卡式电话          ,1,1,0,3,0.13
0801,上清寺局,城市,未捆绑,966118,固定电话          ,1012,542,3358,4493,449.70
0801,上清寺局,城市,未捆绑,966118,后付费包月小灵通  ,715,69,7815,7843,784.30
0801,上清寺局,城市,未捆绑,966118,后付费非包月小灵通,249,21,1461,1439,143.90
0801,上清寺局,城市,未捆绑,966118,卡式电话          ,18,11,31,59,2.17
0801,上清寺局,城市,未捆绑,966118,预付费包月小灵通  ,772,32,6108,6164,604.07
0801,上清寺局,城市,未捆绑,966118,预付费非包月小灵通,86,30,411,459,48.76
0801,观音桥局,城市,未捆绑,118318,固定电话          ,564,102,5149,5287,528.70
0801,观音桥局,城市,未捆绑,118318,后付费包月小灵通  ,523,80,3555,3680,368.00
0801,观音桥局,城市,未捆绑,118318,后付费非包月小灵通,204,41,1341,1408,140.80
0801,观音桥局,城市,未捆绑,118318,卡式电话          ,3,2,26,29,1.25
0801,观音桥局,城市,未捆绑,118318,预付费包月小灵通  ,630,71,5229,5348,524.10
0801,观音桥局,城市,未捆绑,118318,预付费非包月小灵通,235,84,1214,1323,140.58
0801,观音桥局,城市,未捆绑,96501,固定电话          ,144,26,130,289,28.90
0801,观音桥局,城市,未捆绑,96501,后付费包月小灵通  ,9,2,9,18,1.80
0801,观音桥局,城市,未捆绑,96501,后付费非包月小灵通,3,1,1,6,0.60
0801,观音桥局,城市,未捆绑,966118,固定电话          ,3533,2096,9002,13662,1366.70
0801,观音桥局,城市,未捆绑,966118,后付费包月小灵通  ,721,64,7316,7388,738.80
0801,观音桥局,城市,未捆绑,966118,后付费非包月小灵通,118,21,1006,1009,101.10
0801,观音桥局,城市,未捆绑,966118,卡式电话          ,15,7,161,169,7.27
0801,观音桥局,城市,未捆绑,966118,预付费包月小灵通  ,261,32,3579,3574,350.25
0801,观音桥局,城市,未捆绑,966118,预付费非包月小灵通,171,32,968,1026,102.07
0801,沙坪坝局,城市,未捆绑,118318,固定电话          ,588,118,9301,9478,947.40
0801,沙坪坝局,城市,未捆绑,118318,后付费包月小灵通  ,806,83,8267,8572,857.20
0801,沙坪坝局,城市,未捆绑,118318,后付费非包月小灵通,323,37,1891,2004,193.30
0801,沙坪坝局,城市,未捆绑,118318,卡式电话          ,6,1,21,30,1.04
0801,沙坪坝局,城市,未捆绑,118318,预付费包月小灵通  ,886,80,6522,6649,651.60
0801,沙坪坝局,城市,未捆绑,118318,预付费非包月小灵通,387,132,1808,2047,237.50
0801,沙坪坝局,城市,未捆绑,96501,固定电话          ,85,26,89,168,18.10
0801,沙坪坝局,城市,未捆绑,96501,后付费非包月小灵通,18,4,23,36,3.60
0801,沙坪坝局,城市,未捆绑,966118,固定电话          ,2940,1695,7476,11436,1145.80
0801,沙坪坝局,城市,未捆绑,966118,后付费包月小灵通  ,587,83,4893,4947,494.70
0801,沙坪坝局,城市,未捆绑,966118,后付费非包月小灵通,172,27,2834,2835,285.40
0801,沙坪坝局,城市,未捆绑,966118,卡式电话          ,7,2,32,31,3.08
0801,沙坪坝局,城市,未捆绑,966118,预付费包月小灵通  ,333,34,4810,4778,468.24
0801,沙坪坝局,城市,未捆绑,966118,预付费非包月小灵通,196,57,1185,1236,134.95
0801,杨家坪局,城市,未捆绑,118318,固定电话          ,898,103,6792,7181,726.60
0801,杨家坪局,城市,未捆绑,118318,后付费包月小灵通  ,747,96,4923,5172,521.05
0801,杨家坪局,城市,未捆绑,118318,后付费非包月小灵通,213,34,1157,1287,129.45
0801,杨家坪局,城市,未捆绑,118318,卡式电话          ,11,3,105,116,4.81
0801,杨家坪局,城市,未捆绑,118318,预付费包月小灵通  ,916,92,7089,7345,719.81
0801,杨家坪局,城市,未捆绑,118318,预付费非包月小灵通,446,111,1266,1550,160.03
0801,杨家坪局,城市,未捆绑,11896555,卡式电话          ,6,2,18,26,0.94
0801,杨家坪局,城市,未捆绑,96501,固定电话          ,93,25,94,188,18.80
0801,杨家坪局,城市,未捆绑,96501,后付费包月小灵通  ,12,3,12,24,2.40
0801,杨家坪局,城市,未捆绑,966118,固定电话          ,3529,1581,13537,17617,1866.10
0801,杨家坪局,城市,未捆绑,966118,后付费包月小灵通  ,641,68,5379,5534,553.85
0801,杨家坪局,城市,未捆绑,966118,后付费非包月小灵通,88,19,945,969,97.90
0801,杨家坪局,城市,未捆绑,966118,卡式电话          ,5,2,27,28,2.67
0801,杨家坪局,城市,未捆绑,966118,预付费包月小灵通  ,607,36,3853,3979,389.94
0801,杨家坪局,城市,未捆绑,966118,预付费非包月小灵通,117,46,732,784,83.25
0801,北部新区局,城市,未捆绑,118318,固定电话          ,125,31,715,746,74.60
0801,北部新区局,城市,未捆绑,118318,后付费包月小灵通  ,67,7,831,837,83.70
0801,北部新区局,城市,未捆绑,118318,后付费非包月小灵通,16,2,99,104,10.40
0801,北部新区局,城市,未捆绑,118318,卡式电话          ,3,1,15,15,1.54
0801,北部新区局,城市,未捆绑,118318,预付费包月小灵通  ,78,9,425,441,43.22
0801,北部新区局,城市,未捆绑,118318,预付费非包月小灵通,11,7,24,34,3.43
0801,北部新区局,城市,未捆绑,96501,固定电话          ,12,4,11,24,2.40
0801,北部新区局,城市,未捆绑,96501,后付费包月小灵通  ,3,1,2,6,0.60
0801,北部新区局,城市,未捆绑,96501,后付费非包月小灵通,3,1,3,6,0.60
0801,北部新区局,城市,未捆绑,966118,固定电话          ,1092,653,2064,3580,358.00
0801,北部新区局,城市,未捆绑,966118,后付费包月小灵通  ,3,2,22,21,2.10
0801,北部新区局,城市,未捆绑,966118,后付费非包月小灵通,15,4,204,200,20.00
0801,北部新区局,城市,未捆绑,966118,预付费包月小灵通  ,76,7,636,631,61.84
0801,北部新区局,城市,未捆绑,966118,预付费非包月小灵通,6,4,12,16,1.67
0801,北部新区局,乡村,未捆绑,966118,固定电话          ,5,4,0,10,1.00
0801,大客户事业部,城市,未捆绑,118318,固定电话          ,611,32,5529,5766,576.60
0801,大客户事业部,城市,未捆绑,118318,后付费包月小灵通  ,2,1,2,4,0.40
0801,大客户事业部,城市,未捆绑,118318,后付费非包月小灵通,56,4,1373,1386,138.60
0801,大客户事业部,城市,未捆绑,96501,固定电话          ,53,12,26,106,10.60
0801,大客户事业部,城市,未捆绑,966118,固定电话          ,877,188,3425,4071,407.10
0801,大客户事业部,城市,未捆绑,966118,后付费包月小灵通  ,7,2,50,48,4.80
0801,大客户事业部,城市,未捆绑,966118,后付费非包月小灵通,14,3,294,294,29.40
0801,未归类区县局,城市,未捆绑,118318,预付费非包月小灵通,136,13,353,477,2.85
0801,未归类区县局,城市,未捆绑,966118,卡式电话          ,8,1,162,170,7.17
0801,未归类区县局,城市,未捆绑,966118,预付费非包月小灵通,107,7,1341,1345,0.39
0801,未归类分公司,城市,未捆绑,118318,后付费包月小灵通  ,7,3,8,16,1.60
0801,未归类分公司,城市,未捆绑,118318,后付费非包月小灵通,1,1,7,7,0.70
0801,未归类分公司,城市,未捆绑,966118,后付费包月小灵通  ,52,3,618,621,62.10
0801,未归类分公司,城市,未捆绑,966118,预付费非包月小灵通,2,1,0,4,0.39
0802,渝北局,城市,未捆绑,118318,固定电话          ,39,18,234,244,24.40
0802,渝北局,城市,未捆绑,118318,后付费包月小灵通  ,742,34,6180,6293,629.88
0802,渝北局,城市,未捆绑,118318,后付费非包月小灵通,58,13,535,537,53.70
0802,渝北局,城市,未捆绑,118318,卡式电话          ,1,1,0,2,0.09
0802,渝北局,城市,未捆绑,118318,预付费包月小灵通  ,1343,78,11934,12261,0.00
0802,渝北局,城市,未捆绑,118318,预付费非包月小灵通,6,5,54,56,4.80
0802,渝北局,城市,未捆绑,96501,固定电话          ,23,8,18,46,4.60
0802,渝北局,城市,未捆绑,96501,后付费非包月小灵通,2,1,1,4,0.40
0802,渝北局,城市,未捆绑,966118,固定电话          ,515,253,1629,2225,219.00
0802,渝北局,城市,未捆绑,966118,后付费包月小灵通  ,204,27,3823,3835,383.50
0802,渝北局,城市,未捆绑,966118,后付费非包月小灵通,102,15,1012,997,100.15
0802,渝北局,城市,未捆绑,966118,卡式电话          ,1,1,5,5,0.51
0802,渝北局,城市,未捆绑,966118,预付费包月小灵通  ,1239,60,16098,16254,0.20
0802,渝北局,城市,未捆绑,966118,预付费非包月小灵通,9,4,51,53,3.77
0802,渝北局,乡村,未捆绑,118318,固定电话          ,43,14,226,245,24.50
0802,渝北局,乡村,未捆绑,118318,后付费包月小灵通  ,32,1,319,343,0.00
0802,渝北局,乡村,未捆绑,118318,卡式电话          ,22,1,400,398,35.07
0802,渝北局,乡村,未捆绑,118318,预付费包月小灵通  ,21697,1034,206656,212700,72.13
0802,渝北局,乡村,未捆绑,118318,预付费非包月小灵通,222,34,1352,1407,4.31
0802,渝北局,乡村,未捆绑,96501,固定电话          ,3,1,3,6,0.60
0802,渝北局,乡村,未捆绑,966118,固定电话          ,103,58,296,403,40.30
0802,渝北局,乡村,未捆绑,966118,后付费包月小灵通  ,1,1,18,19,0.00
0802,渝北局,乡村,未捆绑,966118,卡式电话          ,3,2,2,6,0.35
0802,渝北局,乡村,未捆绑,966118,预付费包月小灵通  ,22475,1088,289908,292684,53.95
0802,渝北局,乡村,未捆绑,966118,预付费非包月小灵通,198,34,2252,2276,13.82
0802,璧山局,城市,未捆绑,118318,固定电话          ,22,9,155,165,16.50
0802,璧山局,城市,未捆绑,118318,后付费包月小灵通  ,2676,119,17950,19079,1907.90
0802,璧山局,城市,未捆绑,118318,后付费非包月小灵通,112,18,1029,1069,106.70
0802,璧山局,城市,未捆绑,118318,预付费非包月小灵通,1,1,2,2,0.20
0802,璧山局,城市,未捆绑,96501,固定电话          ,8,4,3,16,1.60
0802,璧山局,城市,未捆绑,96501,后付费包月小灵通  ,5,2,2,10,1.00
0802,璧山局,城市,未捆绑,966118,固定电话          ,180,112,707,935,93.50
0802,璧山局,城市,未捆绑,966118,后付费包月小灵通  ,786,57,9396,9437,943.70
0802,璧山局,城市,未捆绑,966118,后付费非包月小灵通,90,13,1772,1776,177.60
0802,璧山局,城市,未捆绑,966118,预付费非包月小灵通,2,2,1,4,0.39
0802,璧山局,乡村,未捆绑,118318,固定电话          ,54,5,303,314,31.40
0802,璧山局,乡村,未捆绑,118318,后付费包月小灵通  ,3,2,10,13,0.20
0802,璧山局,乡村,未捆绑,118318,预付费包月小灵通  ,319,12,4501,4613,0.00
0802,璧山局,乡村,未捆绑,118318,预付费非包月小灵通,58,12,191,234,17.64
0802,璧山局,乡村,未捆绑,966118,固定电话          ,502,256,1140,1790,179.00
0802,璧山局,乡村,未捆绑,966118,后付费非包月小灵通,1,1,1,2,0.20
0802,璧山局,乡村,未捆绑,966118,预付费包月小灵通  ,9,5,58,64,0.00
0802,璧山局,乡村,未捆绑,966118,预付费非包月小灵通,92,8,772,791,56.35
0802,江津局,城市,未捆绑,118318,固定电话          ,110,16,1549,1576,157.60
0802,江津局,城市,未捆绑,118318,后付费包月小灵通  ,42,10,267,279,27.90
0802,江津局,城市,未捆绑,118318,后付费非包月小灵通,56,10,239,264,26.40
0802,江津局,城市,未捆绑,96501,固定电话          ,26,14,12,46,5.14
0802,江津局,城市,未捆绑,966118,固定电话          ,249,155,792,1118,114.42
0802,江津局,城市,未捆绑,966118,后付费包月小灵通  ,58,3,457,449,44.90
0802,江津局,城市,未捆绑,966118,后付费非包月小灵通,62,7,1009,1001,100.10
0802,江津局,城市,未捆绑,966118,卡式电话          ,1,1,5,5,0.51
0802,江津局,乡村,未捆绑,118318,固定电话          ,66,13,503,515,51.50
0802,江津局,乡村,未捆绑,118318,预付费包月小灵通  ,15,3,890,898,0.00
0802,江津局,乡村,未捆绑,96501,固定电话          ,16,7,7,32,3.20
0802,江津局,乡村,未捆绑,966118,固定电话          ,947,432,4033,4940,528.98
0802,江津局,乡村,未捆绑,966118,预付费非包月小灵通,2,1,2,4,0.39
0802,合川局,城市,未捆绑,118318,固定电话          ,46,13,438,449,45.10
0802,合川局,城市,未捆绑,118318,后付费非包月小灵通,60,6,344,377,37.70
0802,合川局,城市,未捆绑,118318,卡式电话          ,9,1,20,20,2.15
0802,合川局,城市,未捆绑,118318,预付费非包月小灵通,2,1,4,6,0.88
0802,合川局,城市,未捆绑,11896555,卡式电话          ,6,1,14,23,0.74
0802,合川局,城市,未捆绑,96501,固定电话          ,38,18,16,58,6.70
0802,合川局,城市,未捆绑,96501,后付费非包月小灵通,2,1,0,0,0.20
0802,合川局,城市,未捆绑,966118,固定电话          ,414,140,3607,3931,397.30
0802,合川局,城市,未捆绑,966118,后付费非包月小灵通,30,5,355,349,43.55
0802,合川局,乡村,未捆绑,118318,固定电话          ,212,52,979,1057,111.00
0802,合川局,乡村,未捆绑,118318,预付费包月小灵通  ,235,3,3079,3120,0.20
0802,合川局,乡村,未捆绑,118318,预付费非包月小灵通,230,9,3015,2991,5.19
0802,合川局,乡村,未捆绑,96501,固定电话          ,20,14,9,40,4.00
0802,合川局,乡村,未捆绑,966118,固定电话          ,604,130,3099,3300,331.90
0802,合川局,乡村,未捆绑,966118,预付费包月小灵通  ,3,1,38,37,0.00
0802,合川局,乡村,未捆绑,966118,预付费非包月小灵通,9,5,37,38,1.18
0802,北碚局,城市,未捆绑,118318,固定电话          ,74,18,379,392,39.20
0802,北碚局,城市,未捆绑,118318,后付费包月小灵通  ,475,56,4601,4684,468.40
0802,北碚局,城市,未捆绑,118318,后付费非包月小灵通,1166,78,7677,8132,813.20
0802,北碚局,城市,未捆绑,118318,卡式电话          ,13,2,78,76,7.21
0802,北碚局,城市,未捆绑,118318,预付费包月小灵通  ,3680,147,30806,32118,1.37
0802,北碚局,城市,未捆绑,118318,预付费非包月小灵通,195,4,716,785,0.88
0802,北碚局,城市,未捆绑,96501,固定电话          ,8,3,10,16,1.60
0802,北碚局,城市,未捆绑,966118,固定电话          ,171,76,1043,1167,115.90
0802,北碚局,城市,未捆绑,966118,后付费包月小灵通  ,860,86,7613,7714,771.00
0802,北碚局,城市,未捆绑,966118,后付费非包月小灵通,1324,134,18012,18058,1805.80
0802,北碚局,城市,未捆绑,966118,卡式电话          ,6,1,68,66,6.09
0802,北碚局,城市,未捆绑,966118,预付费包月小灵通  ,3280,131,44394,44609,9.70
0802,北碚局,城市,未捆绑,966118,预付费非包月小灵通,117,3,456,474,0.29
0802,北碚局,乡村,未捆绑,118318,固定电话          ,34,12,253,280,28.00
0802,北碚局,乡村,未捆绑,118318,后付费包月小灵通  ,33,3,735,728,71.60
0802,北碚局,乡村,未捆绑,118318,后付费非包月小灵通,30,5,372,369,36.90
0802,北碚局,乡村,未捆绑,118318,预付费包月小灵通  ,9027,495,84277,86764,9.21
0802,北碚局,乡村,未捆绑,118318,预付费非包月小灵通,420,44,4003,4049,12.01
0802,北碚局,乡村,未捆绑,96501,固定电话          ,4,2,3,8,0.80
0802,北碚局,乡村,未捆绑,966118,固定电话          ,269,84,1730,1893,189.30
0802,北碚局,乡村,未捆绑,966118,后付费包月小灵通  ,8,3,13,17,1.50
0802,北碚局,乡村,未捆绑,966118,后付费非包月小灵通,58,9,1363,1366,136.60
0802,北碚局,乡村,未捆绑,966118,卡式电话          ,3,1,3,6,0.43
0802,北碚局,乡村,未捆绑,966118,预付费包月小灵通  ,11484,528,128993,131016,34.50
0802,北碚局,乡村,未捆绑,966118,预付费非包月小灵通,390,42,4644,4690,7.25
0802,巴南局,城市,未捆绑,118318,固定电话          ,164,40,1628,1629,162.80
0802,巴南局,城市,未捆绑,118318,后付费包月小灵通  ,175,26,2026,2089,100.30
0802,巴南局,城市,未捆绑,118318,后付费非包月小灵通,308,22,1853,1915,178.90
0802,巴南局,城市,未捆绑,118318,卡式电话          ,3,3,11,13,1.21
0802,巴南局,城市,未捆绑,118318,预付费包月小灵通  ,3796,200,35156,36350,5.19
0802,巴南局,城市,未捆绑,118318,预付费非包月小灵通,57,8,239,231,5.97
0802,巴南局,城市,未捆绑,96501,固定电话          ,13,6,11,26,2.60
0802,巴南局,城市,未捆绑,966118,固定电话          ,1263,602,3120,4716,471.40
0802,巴南局,城市,未捆绑,966118,后付费包月小灵通  ,159,21,2121,2178,73.70
0802,巴南局,城市,未捆绑,966118,后付费非包月小灵通,240,19,3942,3919,410.40
0802,巴南局,城市,未捆绑,966118,卡式电话          ,1,1,2,2,0.26
0802,巴南局,城市,未捆绑,966118,预付费包月小灵通  ,4021,181,44538,44847,0.49
0802,巴南局,城市,未捆绑,966118,预付费非包月小灵通,17,2,66,68,2.35
0802,巴南局,乡村,未捆绑,118318,固定电话          ,48,13,123,158,15.80
0802,巴南局,乡村,未捆绑,118318,卡式电话          ,4,3,6,8,0.69
0802,巴南局,乡村,未捆绑,118318,预付费包月小灵通  ,3730,195,37071,37964,5.78
0802,巴南局,乡村,未捆绑,118318,预付费非包月小灵通,78,25,178,235,18.42
0802,巴南局,乡村,未捆绑,96501,固定电话          ,9,5,11,18,1.80
0802,巴南局,乡村,未捆绑,966118,固定电话          ,493,262,1258,1881,188.40
0802,巴南局,乡村,未捆绑,966118,后付费非包月小灵通,10,1,4,21,2.10
0802,巴南局,乡村,未捆绑,966118,卡式电话          ,4,2,4,8,0.61
0802,巴南局,乡村,未捆绑,966118,预付费包月小灵通  ,4307,243,57144,57580,21.90
0802,巴南局,乡村,未捆绑,966118,预付费非包月小灵通,41,24,142,173,11.47
0802,永川局,城市,未捆绑,118318,固定电话          ,26,17,134,144,13.80
0802,永川局,城市,未捆绑,118318,后付费包月小灵通  ,67,9,556,574,57.40
0802,永川局,城市,未捆绑,118318,后付费非包月小灵通,173,27,1237,1258,125.80
0802,永川局,城市,未捆绑,118318,卡式电话          ,1,1,2,2,0.26
0802,永川局,城市,未捆绑,96501,固定电话          ,26,11,11,52,5.20
0802,永川局,城市,未捆绑,96501,后付费非包月小灵通,4,1,2,8,0.80
0802,永川局,城市,未捆绑,966118,固定电话          ,1402,408,8879,9611,958.10
0802,永川局,城市,未捆绑,966118,后付费包月小灵通  ,140,9,1438,1437,143.70
0802,永川局,城市,未捆绑,966118,后付费非包月小灵通,76,14,1139,1131,113.10
0802,永川局,城市,未捆绑,966118,卡式电话          ,11,2,62,60,5.75
0802,永川局,城市,未捆绑,966118,预付费非包月小灵通,34,1,259,253,37.19
0802,永川局,乡村,未捆绑,118318,固定电话          ,33,14,48,75,7.50
0802,永川局,乡村,未捆绑,118318,预付费包月小灵通  ,2,2,0,4,0.00
0802,永川局,乡村,未捆绑,118318,预付费非包月小灵通,12,2,117,127,0.20
0802,永川局,乡村,未捆绑,96501,固定电话          ,4,2,2,8,0.80
0802,永川局,乡村,未捆绑,966118,固定电话          ,3075,1135,8845,12031,1202.90
0802,永川局,乡村,未捆绑,966118,后付费非包月小灵通,11,1,115,117,11.70
0802,永川局,乡村,未捆绑,966118,卡式电话          ,5,3,41,40,3.77
0802,永川局,乡村,未捆绑,966118,预付费包月小灵通  ,2,1,18,17,0.00
0802,万州局,城市,未捆绑,118318,固定电话          ,122,19,1254,1308,130.80
0802,万州局,城市,未捆绑,118318,后付费非包月小灵通,63,23,508,540,54.00
0802,万州局,城市,未捆绑,118318,预付费包月小灵通  ,6,1,6,12,0.98
0802,万州局,城市,未捆绑,96501,固定电话          ,33,18,30,66,6.60
0802,万州局,城市,未捆绑,96501,后付费非包月小灵通,3,2,1,6,0.60
0802,万州局,城市,未捆绑,966118,固定电话          ,68,39,160,230,23.00
0802,万州局,城市,未捆绑,966118,后付费非包月小灵通,14,7,68,71,7.10
0802,万州局,城市,未捆绑,966118,卡式电话          ,9,4,10,19,1.31
0802,万州局,乡村,未捆绑,118318,固定电话          ,14,11,33,48,4.80
0802,万州局,乡村,未捆绑,118318,预付费非包月小灵通,7,5,2,14,1.37
0802,万州局,乡村,未捆绑,96501,固定电话          ,10,3,10,20,2.00
0802,万州局,乡村,未捆绑,966118,固定电话          ,630,157,2642,3040,304.00
0802,万州局,乡村,未捆绑,966118,卡式电话          ,16,8,76,79,7.22
0802,万州局,乡村,未捆绑,966118,预付费包月小灵通  ,4,2,146,144,0.00
0802,万州局,乡村,未捆绑,966118,预付费非包月小灵通,1,1,0,2,0.20
0802,开县局,城市,未捆绑,118318,固定电话          ,19,2,468,461,46.10
0802,开县局,城市,未捆绑,118318,后付费非包月小灵通,14,2,23,32,3.20
0802,开县局,城市,未捆绑,96501,固定电话          ,13,7,10,26,2.60
0802,开县局,城市,未捆绑,96501,后付费非包月小灵通,5,2,4,10,1.00
0802,开县局,城市,未捆绑,966118,固定电话          ,1560,847,3084,5156,515.44
0802,开县局,城市,未捆绑,966118,卡式电话          ,3,2,6,6,0.60
0802,开县局,乡村,未捆绑,118318,固定电话          ,28,11,65,91,9.10
0802,开县局,乡村,未捆绑,118318,预付费包月小灵通  ,2,1,0,4,0.59
0802,开县局,乡村,未捆绑,118318,预付费非包月小灵通,1,1,0,2,0.20
0802,开县局,乡村,未捆绑,96501,固定电话          ,19,8,18,38,3.80
0802,开县局,乡村,未捆绑,966118,固定电话          ,1919,768,4306,6430,643.00
0802,开县局,乡村,未捆绑,966118,卡式电话          ,7,4,19,19,1.88
0802,开县局,乡村,未捆绑,966118,预付费包月小灵通  ,7,1,39,43,0.00
0802,涪陵局,城市,未捆绑,118318,固定电话          ,69,24,378,404,40.40
0802,涪陵局,城市,未捆绑,118318,后付费包月小灵通  ,153,5,985,947,94.70
0802,涪陵局,城市,未捆绑,118318,后付费非包月小灵通,13,5,93,99,9.90
0802,涪陵局,城市,未捆绑,118318,预付费非包月小灵通,3,2,22,21,2.06
0802,涪陵局,城市,未捆绑,96501,固定电话          ,36,14,34,72,7.20
0802,涪陵局,城市,未捆绑,96501,后付费包月小灵通  ,3,1,3,6,0.60
0802,涪陵局,城市,未捆绑,96501,后付费非包月小灵通,3,2,1,6,0.60
0802,涪陵局,城市,未捆绑,966118,固定电话          ,307,70,3211,3308,330.80
0802,涪陵局,城市,未捆绑,966118,后付费包月小灵通  ,128,14,1547,1531,153.10
0802,涪陵局,城市,未捆绑,966118,后付费非包月小灵通,13,4,83,84,8.40
0802,涪陵局,城市,未捆绑,966118,卡式电话          ,1,1,1,2,0.17
0802,涪陵局,城市,未捆绑,966118,预付费非包月小灵通,4,2,14,13,1.27
0802,涪陵局,乡村,未捆绑,118318,固定电话          ,20,9,147,155,15.50
0802,涪陵局,乡村,未捆绑,118318,后付费非包月小灵通,62,1,365,354,35.40
0802,涪陵局,乡村,未捆绑,118318,预付费非包月小灵通,40,6,710,720,0.00
0802,涪陵局,乡村,未捆绑,96501,固定电话          ,13,6,13,26,2.60
0802,涪陵局,乡村,未捆绑,966118,固定电话          ,448,132,2308,2578,257.80
0802,涪陵局,乡村,未捆绑,966118,后付费非包月小灵通,17,2,89,84,8.40
0802,涪陵局,乡村,未捆绑,966118,预付费非包月小灵通,8,3,75,72,0.00
0802,石柱局,城市,未捆绑,118318,固定电话          ,15,2,220,223,22.30
0802,石柱局,城市,未捆绑,118318,后付费包月小灵通  ,6,3,6,12,1.20
0802,石柱局,城市,未捆绑,118318,后付费非包月小灵通,8,7,15,13,2.10
0802,石柱局,城市,未捆绑,118318,预付费非包月小灵通,17,8,16,41,1.76
0802,石柱局,城市,未捆绑,96501,固定电话          ,3,1,2,6,0.60
0802,石柱局,城市,未捆绑,966118,固定电话          ,36,26,71,118,12.30
0802,石柱局,城市,未捆绑,966118,后付费非包月小灵通,1,1,0,0,0.10
0802,石柱局,乡村,未捆绑,118318,固定电话          ,1,1,1,2,0.20
0802,石柱局,乡村,未捆绑,118318,预付费非包月小灵通,5,4,5,10,0.88
0802,石柱局,乡村,未捆绑,11896555,卡式电话          ,2,2,0,4,0.34
0802,石柱局,乡村,未捆绑,966118,固定电话          ,563,205,1987,2479,247.50
0802,石柱局,乡村,未捆绑,966118,预付费非包月小灵通,7,2,7,14,1.37
0802,长寿局,城市,未捆绑,118318,固定电话          ,26,8,136,142,14.10
0802,长寿局,城市,未捆绑,118318,后付费包月小灵通  ,274,21,2046,2089,208.90
0802,长寿局,城市,未捆绑,118318,后付费非包月小灵通,36,8,123,137,13.70
0802,长寿局,城市,未捆绑,96501,固定电话          ,26,11,11,48,4.40
0802,长寿局,城市,未捆绑,966118,固定电话          ,217,106,379,668,66.50
0802,长寿局,城市,未捆绑,966118,后付费包月小灵通  ,55,7,403,413,41.30
0802,长寿局,城市,未捆绑,966118,后付费非包月小灵通,16,3,469,463,46.30
0802,长寿局,城市,未捆绑,966118,卡式电话          ,17,8,171,172,15.43
0802,长寿局,乡村,未捆绑,118318,固定电话          ,115,25,507,564,56.40
0802,长寿局,乡村,未捆绑,118318,卡式电话          ,4,1,114,113,10.03
0802,长寿局,乡村,未捆绑,118318,预付费包月小灵通  ,55,4,446,457,0.00
0802,长寿局,乡村,未捆绑,118318,预付费非包月小灵通,3,2,2,6,0.49
0802,长寿局,乡村,未捆绑,96501,固定电话          ,19,9,10,38,3.80
0802,长寿局,乡村,未捆绑,966118,固定电话          ,663,182,2064,2584,258.30
0802,长寿局,乡村,未捆绑,966118,后付费包月小灵通  ,1,1,1,2,0.00
0802,长寿局,乡村,未捆绑,966118,卡式电话          ,12,5,33,36,3.36
0802,长寿局,乡村,未捆绑,966118,预付费包月小灵通  ,1,1,8,8,0.00
0802,长寿局,乡村,未捆绑,966118,预付费非包月小灵通,5,3,2,10,0.98
0802,大足局,城市,未捆绑,118318,固定电话          ,4,4,9,13,1.30
0802,大足局,城市,未捆绑,118318,后付费包月小灵通  ,5,4,30,29,2.90
0802,大足局,城市,未捆绑,118318,后付费非包月小灵通,2,1,9,9,0.90
0802,大足局,城市,未捆绑,96501,固定电话          ,30,18,15,60,6.00
0802,大足局,城市,未捆绑,966118,固定电话          ,203,105,625,860,85.90
0802,大足局,城市,未捆绑,966118,后付费包月小灵通  ,2,1,7,7,0.70
0802,大足局,城市,未捆绑,966118,预付费非包月小灵通,2,1,0,4,0.59
0802,大足局,乡村,未捆绑,118318,固定电话          ,11,4,17,33,3.30
0802,大足局,乡村,未捆绑,118318,预付费包月小灵通  ,67,2,334,345,0.00
0802,大足局,乡村,未捆绑,96501,固定电话          ,12,4,5,24,2.40
0802,大足局,乡村,未捆绑,966118,固定电话          ,546,334,629,1419,141.90
0802,大足局,乡村,未捆绑,966118,预付费包月小灵通  ,73,1,1184,1186,0.29
0802,大足局,乡村,未捆绑,966118,预付费非包月小灵通,3,1,34,34,3.33
0802,双桥局,城市,未捆绑,118318,固定电话          ,16,5,251,262,26.20
0802,双桥局,城市,未捆绑,118318,后付费包月小灵通  ,872,29,6555,6969,696.90
0802,双桥局,城市,未捆绑,118318,后付费非包月小灵通,437,18,1691,1964,196.40
0802,双桥局,城市,未捆绑,96501,固定电话          ,9,3,4,18,1.80
0802,双桥局,城市,未捆绑,966118,固定电话          ,89,28,472,568,51.90
0802,双桥局,城市,未捆绑,966118,后付费包月小灵通  ,123,11,2073,2052,205.20
0802,双桥局,城市,未捆绑,966118,后付费非包月小灵通,51,4,493,500,50.00
0802,双桥局,乡村,未捆绑,118318,预付费包月小灵通  ,2,1,2,4,0.00
0802,双桥局,乡村,未捆绑,966118,固定电话          ,1,1,0,2,0.20
0802,潼南局,城市,未捆绑,118318,固定电话          ,75,5,343,374,37.40
0802,潼南局,城市,未捆绑,118318,后付费包月小灵通  ,19,6,58,75,7.50
0802,潼南局,城市,未捆绑,118318,后付费非包月小灵通,1,1,0,2,0.20
0802,潼南局,城市,未捆绑,96501,固定电话          ,25,9,12,50,5.00
0802,潼南局,城市,未捆绑,96501,后付费包月小灵通  ,3,2,1,6,0.60
0802,潼南局,城市,未捆绑,966118,固定电话          ,212,96,789,998,99.90
0802,潼南局,城市,未捆绑,966118,后付费包月小灵通  ,123,5,1428,1431,143.10
0802,潼南局,城市,未捆绑,966118,后付费非包月小灵通,2,2,5,5,0.60
0802,潼南局,城市,未捆绑,966118,卡式电话          ,1,1,0,2,0.09
0802,潼南局,乡村,未捆绑,118318,固定电话          ,21,7,56,72,7.20
0802,潼南局,乡村,未捆绑,118318,卡式电话          ,1,1,1,2,0.17
0802,潼南局,乡村,未捆绑,118318,预付费包月小灵通  ,3,2,4,7,0.00
0802,潼南局,乡村,未捆绑,118318,预付费非包月小灵通,4,2,11,12,1.18
0802,潼南局,乡村,未捆绑,96501,固定电话          ,15,5,7,30,3.00
0802,潼南局,乡村,未捆绑,966118,固定电话          ,875,437,1985,3078,307.80
0802,潼南局,乡村,未捆绑,966118,卡式电话          ,7,3,17,20,1.80
0802,潼南局,乡村,未捆绑,966118,预付费包月小灵通  ,10,3,102,101,0.00
0802,荣昌局,城市,未捆绑,118318,固定电话          ,149,11,521,583,58.30
0802,荣昌局,城市,未捆绑,118318,后付费包月小灵通  ,193,30,1250,1298,129.80
0802,荣昌局,城市,未捆绑,118318,后付费非包月小灵通,1682,98,13054,13580,1358.20
0802,荣昌局,城市,未捆绑,96501,固定电话          ,5,2,2,10,1.00
0802,荣昌局,城市,未捆绑,96501,后付费包月小灵通  ,9,2,4,18,1.80
0802,荣昌局,城市,未捆绑,966118,固定电话          ,93,55,146,267,26.90
0802,荣昌局,城市,未捆绑,966118,后付费包月小灵通  ,135,15,2301,2290,229.00
0802,荣昌局,城市,未捆绑,966118,后付费非包月小灵通,534,42,7954,8036,803.60
0802,荣昌局,城市,未捆绑,966118,卡式电话          ,8,3,83,83,7.54
0802,荣昌局,乡村,未捆绑,118318,固定电话          ,61,23,143,184,19.10
0802,荣昌局,乡村,未捆绑,118318,预付费包月小灵通  ,57,4,225,238,0.00
0802,荣昌局,乡村,未捆绑,118318,预付费非包月小灵通,2,1,1,4,0.39
0802,荣昌局,乡村,未捆绑,96501,固定电话          ,9,4,4,18,1.80
0802,荣昌局,乡村,未捆绑,966118,固定电话          ,168,69,644,792,79.70
0802,荣昌局,乡村,未捆绑,966118,卡式电话          ,17,6,105,102,9.77
0802,荣昌局,乡村,未捆绑,966118,预付费包月小灵通  ,13,2,243,240,0.00
0802,巫溪局,城市,未捆绑,118318,固定电话          ,3,2,17,18,1.80
0802,巫溪局,城市,未捆绑,118318,后付费包月小灵通  ,2,1,4,4,0.40
0802,巫溪局,城市,未捆绑,96501,固定电话          ,5,3,2,10,1.00
0802,巫溪局,城市,未捆绑,966118,固定电话          ,149,53,429,577,57.40
0802,巫溪局,城市,未捆绑,966118,后付费非包月小灵通,1,1,5,5,0.50
0802,巫溪局,乡村,未捆绑,118318,固定电话          ,2,2,0,4,0.40
0802,巫溪局,乡村,未捆绑,118318,后付费非包月小灵通,1,1,0,2,0.20
0802,巫溪局,乡村,未捆绑,96501,固定电话          ,9,7,8,18,1.80
0802,巫溪局,乡村,未捆绑,966118,固定电话          ,502,238,497,1245,124.50
0802,忠县局,城市,未捆绑,118318,固定电话          ,6,2,14,19,1.90
0802,忠县局,城市,未捆绑,118318,后付费非包月小灵通,1,1,0,2,0.20
0802,忠县局,城市,未捆绑,118318,预付费非包月小灵通,1,1,0,2,0.20
0802,忠县局,城市,未捆绑,96501,固定电话          ,12,6,10,24,2.40
0802,忠县局,城市,未捆绑,96501,后付费非包月小灵通,4,1,2,8,0.80
0802,忠县局,城市,未捆绑,966118,固定电话          ,485,258,1244,1942,194.20
0802,忠县局,城市,未捆绑,966118,后付费非包月小灵通,5,1,30,31,3.10
0802,忠县局,乡村,未捆绑,118318,固定电话          ,12,7,22,34,3.40
0802,忠县局,乡村,未捆绑,96501,固定电话          ,16,7,13,32,3.20
0802,忠县局,乡村,未捆绑,966118,固定电话          ,1880,805,4765,6777,677.70
0802,忠县局,乡村,未捆绑,966118,后付费非包月小灵通,4,1,11,12,1.20
0802,忠县局,乡村,未捆绑,966118,卡式电话          ,35,18,223,220,20.51
0802,忠县局,乡村,未捆绑,966118,预付费非包月小灵通,6,2,13,16,1.57
0802,云阳局,城市,未捆绑,118318,固定电话          ,9,4,43,44,4.40
0802,云阳局,城市,未捆绑,118318,后付费包月小灵通  ,3,1,9,10,1.00
0802,云阳局,城市,未捆绑,118318,后付费非包月小灵通,16,3,30,35,3.50
0802,云阳局,城市,未捆绑,118318,预付费非包月小灵通,3,3,0,6,0.88
0802,云阳局,城市,未捆绑,96501,固定电话          ,5,3,2,10,1.00
0802,云阳局,城市,未捆绑,96501,后付费非包月小灵通,1,1,0,2,0.20
0802,云阳局,城市,未捆绑,96511,卡式电话          ,1,1,0,2,0.26
0802,云阳局,城市,未捆绑,966118,固定电话          ,174,74,878,1050,104.90
0802,云阳局,城市,未捆绑,966118,后付费非包月小灵通,69,3,638,640,64.00
0802,云阳局,城市,未捆绑,966118,卡式电话          ,17,2,81,85,7.79
0802,云阳局,城市,未捆绑,966118,预付费非包月小灵通,2,2,1,4,0.59
0802,云阳局,乡村,未捆绑,118318,固定电话          ,136,30,469,540,54.00
0802,云阳局,乡村,未捆绑,118318,预付费包月小灵通  ,1,1,0,2,0.00
0802,云阳局,乡村,未捆绑,118318,预付费非包月小灵通,6,2,8,15,1.47
0802,云阳局,乡村,未捆绑,96501,固定电话          ,7,3,6,14,1.40
0802,云阳局,乡村,未捆绑,966118,固定电话          ,4753,1584,17896,21840,2183.70
0802,云阳局,乡村,未捆绑,966118,卡式电话          ,22,12,115,118,10.56
0802,奉节局,城市,未捆绑,118318,固定电话          ,4,2,0,8,0.80
0802,奉节局,城市,未捆绑,118318,后付费包月小灵通  ,3,3,6,7,0.70
0802,奉节局,城市,未捆绑,118318,后付费非包月小灵通,4,3,4,8,0.80
0802,奉节局,城市,未捆绑,118318,预付费非包月小灵通,3,2,3,6,0.59
0802,奉节局,城市,未捆绑,96501,固定电话          ,9,3,8,18,1.80
0802,奉节局,城市,未捆绑,966118,固定电话          ,230,89,473,713,71.30
0802,奉节局,城市,未捆绑,966118,后付费包月小灵通  ,2,1,5,5,0.50
0802,奉节局,城市,未捆绑,966118,后付费非包月小灵通,32,1,96,124,12.40
0802,奉节局,城市,未捆绑,966118,预付费非包月小灵通,3,1,5,6,0.59
0802,奉节局,乡村,未捆绑,118318,固定电话          ,6,1,7,13,1.30
0802,奉节局,乡村,未捆绑,118318,后付费非包月小灵通,2,1,20,21,2.10
0802,奉节局,乡村,未捆绑,118318,预付费包月小灵通  ,2,1,1,4,0.00
0802,奉节局,乡村,未捆绑,118318,预付费非包月小灵通,6,5,70,74,7.25
0802,奉节局,乡村,未捆绑,96501,固定电话          ,7,3,10,14,1.40
0802,奉节局,乡村,未捆绑,966118,固定电话          ,1061,418,2744,3869,386.90
0802,奉节局,乡村,未捆绑,966118,预付费非包月小灵通,37,3,179,207,20.29
0802,巫山局,城市,未捆绑,118318,固定电话          ,7,4,27,28,2.80
0802,巫山局,城市,未捆绑,118318,后付费非包月小灵通,46,4,512,521,52.10
0802,巫山局,城市,未捆绑,96501,固定电话          ,8,6,7,16,1.60
0802,巫山局,城市,未捆绑,966118,固定电话          ,88,65,48,186,17.90
0802,巫山局,城市,未捆绑,966118,后付费非包月小灵通,9,1,35,40,4.00
0802,巫山局,乡村,未捆绑,96501,固定电话          ,5,2,5,10,1.00
0802,巫山局,乡村,未捆绑,966118,固定电话          ,196,100,501,725,72.50
0802,城口局,城市,未捆绑,118318,固定电话          ,22,4,196,199,19.90
0802,城口局,城市,未捆绑,966118,固定电话          ,20,8,160,167,16.70
0802,城口局,乡村,未捆绑,118318,预付费非包月小灵通,2,1,0,4,0.00
0802,城口局,乡村,未捆绑,966118,固定电话          ,16,5,56,67,6.70
0802,丰都局,城市,未捆绑,118318,固定电话          ,7,5,15,18,1.80
0802,丰都局,城市,未捆绑,118318,后付费非包月小灵通,43,5,3083,3069,306.90
0802,丰都局,城市,未捆绑,118318,预付费非包月小灵通,1,1,0,2,0.20
0802,丰都局,城市,未捆绑,11896555,卡式电话          ,1,1,0,2,0.17
0802,丰都局,城市,未捆绑,96501,后付费非包月小灵通,4,2,6,8,0.80
0802,丰都局,城市,未捆绑,966118,固定电话          ,152,37,739,839,67.70
0802,丰都局,城市,未捆绑,966118,后付费非包月小灵通,29,2,219,214,21.40
0802,丰都局,城市,未捆绑,966118,卡式电话          ,1,1,2,2,0.26
0802,丰都局,城市,未捆绑,966118,预付费非包月小灵通,5,1,15,17,1.67
0802,丰都局,乡村,未捆绑,118318,固定电话          ,15,5,19,35,3.50
0802,丰都局,乡村,未捆绑,118318,预付费非包月小灵通,6,3,3,12,1.18
0802,丰都局,乡村,未捆绑,11896555,卡式电话          ,1,1,0,2,0.17
0802,丰都局,乡村,未捆绑,96501,固定电话          ,5,2,3,10,1.00
0802,丰都局,乡村,未捆绑,966118,固定电话          ,384,100,1764,1900,190.00
0802,丰都局,乡村,未捆绑,966118,卡式电话          ,10,6,58,54,5.31
0802,丰都局,乡村,未捆绑,966118,预付费非包月小灵通,12,3,88,83,8.13
0802,南川局,城市,未捆绑,118318,固定电话          ,16,6,105,107,11.80
0802,南川局,城市,未捆绑,118318,后付费非包月小灵通,2,2,2,4,0.40
0802,南川局,城市,未捆绑,118318,预付费非包月小灵通,1,1,0,2,0.29
0802,南川局,城市,未捆绑,96501,固定电话          ,24,8,16,48,4.80
0802,南川局,城市,未捆绑,966118,固定电话          ,245,91,1316,1477,147.70
0802,南川局,城市,未捆绑,966118,后付费非包月小灵通,6,3,53,50,5.00
0802,南川局,乡村,未捆绑,118318,固定电话          ,70,19,182,234,23.40
0802,南川局,乡村,未捆绑,118318,后付费非包月小灵通,1,1,4,4,0.40
0802,南川局,乡村,未捆绑,11896555,卡式电话          ,1,1,2,2,0.17
0802,南川局,乡村,未捆绑,96501,固定电话          ,14,5,12,28,2.80
0802,南川局,乡村,未捆绑,966118,固定电话          ,950,282,6185,6653,665.30
0802,南川局,乡村,未捆绑,966118,卡式电话          ,2,2,8,8,0.77
0802,酉阳局,城市,未捆绑,118318,固定电话          ,18,4,182,187,18.70
0802,酉阳局,城市,未捆绑,118318,后付费非包月小灵通,8,2,18,20,2.00
0802,酉阳局,城市,未捆绑,96501,固定电话          ,9,4,6,18,1.80
0802,酉阳局,城市,未捆绑,966118,固定电话          ,129,68,383,524,52.40
0802,酉阳局,乡村,未捆绑,118318,固定电话          ,8,4,11,17,1.70
0802,酉阳局,乡村,未捆绑,118318,预付费包月小灵通  ,4,3,14,14,0.00
0802,酉阳局,乡村,未捆绑,118318,预付费非包月小灵通,2,2,3,4,0.00
0802,酉阳局,乡村,未捆绑,96501,固定电话          ,4,3,3,8,0.80
0802,酉阳局,乡村,未捆绑,966118,固定电话          ,198,78,550,737,73.70
0802,酉阳局,乡村,未捆绑,966118,预付费包月小灵通  ,108,3,685,755,0.00
0802,秀山局,城市,未捆绑,118318,固定电话          ,30,7,185,186,18.60
0802,秀山局,城市,未捆绑,118318,后付费包月小灵通  ,160,14,1427,1448,144.80
0802,秀山局,城市,未捆绑,118318,后付费非包月小灵通,20,4,20,31,0.60
0802,秀山局,城市,未捆绑,118318,预付费非包月小灵通,10,6,9,23,3.14
0802,秀山局,城市,未捆绑,11896555,卡式电话          ,1,1,0,2,0.17
0802,秀山局,城市,未捆绑,96501,固定电话          ,20,5,21,40,4.00
0802,秀山局,城市,未捆绑,96501,后付费包月小灵通  ,4,2,3,8,0.80
0802,秀山局,城市,未捆绑,966118,固定电话          ,589,280,1799,2441,243.90
0802,秀山局,城市,未捆绑,966118,后付费包月小灵通  ,37,6,295,295,29.50
0802,秀山局,城市,未捆绑,966118,后付费非包月小灵通,53,1,502,489,48.90
0802,秀山局,城市,未捆绑,966118,预付费非包月小灵通,1,1,12,12,1.76
0802,秀山局,乡村,未捆绑,118318,固定电话          ,14,3,247,249,24.90
0802,秀山局,乡村,未捆绑,118318,后付费包月小灵通  ,12,1,25,33,3.30
0802,秀山局,乡村,未捆绑,118318,后付费非包月小灵通,3,1,10,11,1.10
0802,秀山局,乡村,未捆绑,118318,预付费非包月小灵通,18,8,128,138,14.16
0802,秀山局,乡村,未捆绑,11896555,卡式电话          ,4,2,10,12,1.02
0802,秀山局,乡村,未捆绑,96501,固定电话          ,4,2,3,8,0.80
0802,秀山局,乡村,未捆绑,966118,固定电话          ,392,122,1300,1580,158.00
0802,秀山局,乡村,未捆绑,966118,后付费非包月小灵通,1,1,6,6,0.60
0802,秀山局,乡村,未捆绑,966118,预付费非包月小灵通,19,4,239,242,23.72
0802,彭水局,城市,未捆绑,118318,后付费包月小灵通  ,1,1,2,2,0.20
0802,彭水局,城市,未捆绑,118318,后付费非包月小灵通,3,2,0,6,0.60
0802,彭水局,城市,未捆绑,96501,固定电话          ,8,3,6,16,1.60
0802,彭水局,城市,未捆绑,966118,固定电话          ,76,22,367,435,17.60
0802,彭水局,城市,未捆绑,966118,后付费非包月小灵通,19,3,381,379,37.90
0802,彭水局,乡村,未捆绑,118318,固定电话          ,9,2,26,28,2.80
0802,彭水局,乡村,未捆绑,118318,预付费包月小灵通  ,82,4,520,548,0.00
0802,彭水局,乡村,未捆绑,118318,预付费非包月小灵通,14,5,15,30,2.45
0802,彭水局,乡村,未捆绑,966118,固定电话          ,570,134,2719,3111,310.90
0802,彭水局,乡村,未捆绑,966118,预付费包月小灵通  ,110,14,1853,1838,0.00
0802,彭水局,乡村,未捆绑,966118,预付费非包月小灵通,40,6,45,85,8.33
0802,綦江局,城市,未捆绑,118318,固定电话          ,68,9,1604,1613,161.30
0802,綦江局,城市,未捆绑,118318,后付费包月小灵通  ,5,2,24,27,2.70
0802,綦江局,城市,未捆绑,118318,后付费非包月小灵通,13,8,26,43,4.30
0802,綦江局,城市,未捆绑,96501,固定电话          ,18,8,7,36,3.60
0802,綦江局,城市,未捆绑,96501,后付费非包月小灵通,4,2,2,8,0.80
0802,綦江局,城市,未捆绑,966118,固定电话          ,247,23,2229,2282,227.90
0802,綦江局,城市,未捆绑,966118,后付费非包月小灵通,29,6,221,216,21.60
0802,綦江局,乡村,未捆绑,118318,固定电话          ,22,9,48,66,6.60
0802,綦江局,乡村,未捆绑,118318,预付费非包月小灵通,9,3,9,20,1.86
0802,綦江局,乡村,未捆绑,96501,固定电话          ,8,3,3,16,1.60
0802,綦江局,乡村,未捆绑,96501,后付费包月小灵通  ,1,1,0,2,0.20
0802,綦江局,乡村,未捆绑,966118,固定电话          ,326,110,1491,1774,177.40
0802,綦江局,乡村,未捆绑,966118,预付费非包月小灵通,5,2,2,10,0.20
0802,万盛局,城市,未捆绑,118318,固定电话          ,6,4,26,30,3.00
0802,万盛局,城市,未捆绑,118318,后付费非包月小灵通,5,3,1,10,1.00
0802,万盛局,城市,未捆绑,96501,后付费非包月小灵通,1,1,0,2,0.20
0802,万盛局,城市,未捆绑,966118,固定电话          ,173,82,107,377,37.70
0802,万盛局,城市,未捆绑,966118,后付费非包月小灵通,6,4,22,22,2.20
0802,万盛局,乡村,未捆绑,118318,固定电话          ,9,6,13,23,2.30
0802,万盛局,乡村,未捆绑,118318,预付费包月小灵通  ,22,1,156,160,0.00
0802,万盛局,乡村,未捆绑,118318,预付费非包月小灵通,46,4,572,587,14.80
0802,万盛局,乡村,未捆绑,96501,固定电话          ,5,3,2,10,1.00
0802,万盛局,乡村,未捆绑,966118,固定电话          ,177,58,956,1072,107.20
0802,万盛局,乡村,未捆绑,966118,预付费包月小灵通  ,20,1,214,213,0.00
0802,铜梁局,城市,未捆绑,118318,固定电话          ,116,15,1291,1289,131.00
0802,铜梁局,城市,未捆绑,118318,后付费包月小灵通  ,67,3,464,441,21.70
0802,铜梁局,城市,未捆绑,118318,后付费非包月小灵通,2,2,12,12,1.20
0802,铜梁局,城市,未捆绑,96501,固定电话          ,6,5,2,12,1.20
0802,铜梁局,城市,未捆绑,96501,后付费包月小灵通  ,2,1,1,4,0.40
0802,铜梁局,城市,未捆绑,966118,固定电话          ,325,62,3108,3150,316.30
0802,铜梁局,城市,未捆绑,966118,后付费包月小灵通  ,71,2,1073,1059,13.00
0802,铜梁局,城市,未捆绑,966118,后付费非包月小灵通,2,1,5,4,0.40
0802,铜梁局,乡村,未捆绑,118318,固定电话          ,19,7,32,46,4.60
0802,铜梁局,乡村,未捆绑,118318,预付费非包月小灵通,3,2,3,6,0.59
0802,铜梁局,乡村,未捆绑,96501,固定电话          ,21,11,10,42,4.20
0802,铜梁局,乡村,未捆绑,966118,固定电话          ,517,137,2832,3078,307.80
0802,铜梁局,乡村,未捆绑,966118,卡式电话          ,17,9,49,61,4.92
0802,铜梁局,乡村,未捆绑,966118,预付费非包月小灵通,2,2,22,22,1.96
0802,梁平局,城市,未捆绑,118318,固定电话          ,43,9,399,400,40.00
0802,梁平局,城市,未捆绑,118318,后付费包月小灵通  ,3,3,3,6,0.60
0802,梁平局,城市,未捆绑,118318,后付费非包月小灵通,15,10,47,56,5.60
0802,梁平局,城市,未捆绑,96501,固定电话          ,10,5,10,20,2.00
0802,梁平局,城市,未捆绑,966118,固定电话          ,215,123,497,758,75.20
0802,梁平局,城市,未捆绑,966118,后付费包月小灵通  ,6,2,74,73,7.30
0802,梁平局,城市,未捆绑,966118,后付费非包月小灵通,22,6,52,66,6.60
0802,梁平局,乡村,未捆绑,118318,固定电话          ,34,9,143,154,15.40
0802,梁平局,乡村,未捆绑,118318,预付费包月小灵通  ,1,1,1,2,0.00
0802,梁平局,乡村,未捆绑,96501,固定电话          ,17,6,20,34,3.40
0802,梁平局,乡村,未捆绑,966118,固定电话          ,1656,810,3703,5689,568.40
0802,梁平局,乡村,未捆绑,966118,卡式电话          ,13,6,47,46,4.55
0802,武隆局,城市,未捆绑,118318,固定电话          ,19,6,48,60,6.00
0802,武隆局,城市,未捆绑,118318,后付费非包月小灵通,11,2,116,119,11.90
0802,武隆局,城市,未捆绑,118318,预付费非包月小灵通,9,2,19,24,3.53
0802,武隆局,城市,未捆绑,11896555,卡式电话          ,4,1,3,8,0.68
0802,武隆局,城市,未捆绑,96501,固定电话          ,7,3,5,14,1.40
0802,武隆局,城市,未捆绑,96501,后付费非包月小灵通,3,1,3,6,0.60
0802,武隆局,城市,未捆绑,966118,固定电话          ,44,21,513,539,53.90
0802,武隆局,城市,未捆绑,966118,后付费包月小灵通  ,1,1,0,2,0.20
0802,武隆局,城市,未捆绑,966118,卡式电话          ,1,1,6,5,0.51
0802,武隆局,城市,未捆绑,966118,预付费包月小灵通  ,1,1,10,10,0.00
0802,武隆局,乡村,未捆绑,118318,固定电话          ,8,3,8,17,1.70
0802,武隆局,乡村,未捆绑,118318,后付费非包月小灵通,1,1,0,2,0.20
0802,武隆局,乡村,未捆绑,118318,预付费包月小灵通  ,3,1,2,6,0.59
0802,武隆局,乡村,未捆绑,118318,预付费非包月小灵通,4,1,0,8,0.78
0802,武隆局,乡村,未捆绑,96501,固定电话          ,8,2,14,16,1.60
0802,武隆局,乡村,未捆绑,966118,固定电话          ,201,65,1183,1293,129.30
0802,武隆局,乡村,未捆绑,966118,预付费非包月小灵通,1,1,0,2,0.00
0802,垫江局,城市,未捆绑,118318,固定电话          ,79,17,497,515,51.50
0802,垫江局,城市,未捆绑,118318,后付费非包月小灵通,9,1,59,57,5.70
0802,垫江局,城市,未捆绑,118318,预付费包月小灵通  ,2,1,12,11,0.00
0802,垫江局,城市,未捆绑,118318,预付费非包月小灵通,2,2,12,13,1.27
0802,垫江局,城市,未捆绑,11896555,卡式电话          ,15,10,20,31,2.64
0802,垫江局,城市,未捆绑,96501,固定电话          ,9,3,10,18,1.80
0802,垫江局,城市,未捆绑,96501,后付费非包月小灵通,1,1,0,2,0.20
0802,垫江局,城市,未捆绑,966118,固定电话          ,100,53,344,476,45.10
0802,垫江局,城市,未捆绑,966118,后付费包月小灵通  ,76,1,78,178,17.80
0802,垫江局,城市,未捆绑,966118,后付费非包月小灵通,1,1,3,3,0.30
0802,垫江局,城市,未捆绑,966118,卡式电话          ,11,2,44,43,4.29
0802,垫江局,乡村,未捆绑,118318,固定电话          ,35,11,96,123,12.30
0802,垫江局,乡村,未捆绑,118318,预付费包月小灵通  ,33,2,137,156,0.00
0802,垫江局,乡村,未捆绑,118318,预付费非包月小灵通,6,5,5,12,0.39
0802,垫江局,乡村,未捆绑,11896555,卡式电话          ,7,4,15,19,1.62
0802,垫江局,乡村,未捆绑,96501,固定电话          ,4,3,1,8,0.80
0802,垫江局,乡村,未捆绑,966118,固定电话          ,2043,614,8884,10736,1072.10
0802,垫江局,乡村,未捆绑,966118,卡式电话          ,1,1,26,26,2.31
0802,垫江局,乡村,未捆绑,966118,预付费包月小灵通  ,3,1,79,78,0.00
0802,垫江局,乡村,未捆绑,966118,预付费非包月小灵通,1,1,9,9,0.88
0802,黔江局,城市,未捆绑,118318,固定电话          ,29,6,168,175,17.50
0802,黔江局,城市,未捆绑,118318,后付费包月小灵通  ,3,1,3,7,0.70
0802,黔江局,城市,未捆绑,118318,后付费非包月小灵通,2,2,13,15,2.15
0802,黔江局,城市,未捆绑,118318,卡式电话          ,4,1,22,23,2.14
0802,黔江局,城市,未捆绑,118318,预付费非包月小灵通,1,1,0,2,0.20
0802,黔江局,城市,未捆绑,96501,固定电话          ,31,11,31,62,6.20
0802,黔江局,城市,未捆绑,966118,固定电话          ,264,163,644,945,92.90
0802,黔江局,城市,未捆绑,966118,后付费非包月小灵通,33,3,326,328,32.80
0802,黔江局,城市,未捆绑,966118,卡式电话          ,22,4,66,72,7.22
0802,黔江局,城市,未捆绑,966118,预付费非包月小灵通,27,2,100,100,14.41
0802,黔江局,乡村,未捆绑,118318,预付费包月小灵通  ,22,1,200,192,0.00
0802,黔江局,乡村,未捆绑,118318,预付费非包月小灵通,4,3,23,28,3.92
0802,黔江局,乡村,未捆绑,96501,固定电话          ,6,3,6,12,1.20
0802,黔江局,乡村,未捆绑,966118,固定电话          ,389,70,1273,1516,151.50
0802,黔江局,乡村,未捆绑,966118,预付费非包月小灵通,3,3,1,6,0.59
0802,南坪局,城市,未捆绑,118318,固定电话          ,455,88,3444,3532,353.10
0802,南坪局,城市,未捆绑,118318,后付费包月小灵通  ,479,53,2782,2946,294.60
0802,南坪局,城市,未捆绑,118318,后付费非包月小灵通,77,20,563,588,58.80
0802,南坪局,城市,未捆绑,118318,卡式电话          ,5,3,13,15,1.38
0802,南坪局,城市,未捆绑,118318,预付费包月小灵通  ,626,54,4335,4422,433.36
0802,南坪局,城市,未捆绑,118318,预付费非包月小灵通,292,91,1073,1251,134.55
0802,南坪局,城市,未捆绑,96501,固定电话          ,56,34,39,112,11.20
0802,南坪局,城市,未捆绑,96501,后付费包月小灵通  ,2,2,2,4,0.40
0802,南坪局,城市,未捆绑,96501,后付费非包月小灵通,3,2,1,6,0.60
0802,南坪局,城市,未捆绑,966118,固定电话          ,2906,1399,8395,11912,1193.00
0802,南坪局,城市,未捆绑,966118,后付费包月小灵通  ,456,33,4307,4391,439.10
0802,南坪局,城市,未捆绑,966118,后付费非包月小灵通,39,8,417,417,41.80
0802,南坪局,城市,未捆绑,966118,卡式电话          ,49,12,335,367,16.04
0802,南坪局,城市,未捆绑,966118,预付费包月小灵通  ,408,26,4822,4865,476.87
0802,南坪局,城市,未捆绑,966118,预付费非包月小灵通,272,52,1403,1497,168.56
0802,上清寺局,城市,未捆绑,118318,固定电话          ,519,99,3060,3202,320.40
0802,上清寺局,城市,未捆绑,118318,后付费包月小灵通  ,560,72,6547,6627,662.70
0802,上清寺局,城市,未捆绑,118318,后付费非包月小灵通,237,36,2160,2225,211.70
0802,上清寺局,城市,未捆绑,118318,卡式电话          ,31,12,172,199,12.45
0802,上清寺局,城市,未捆绑,118318,预付费包月小灵通  ,2006,65,5842,7777,762.15
0802,上清寺局,城市,未捆绑,118318,预付费非包月小灵通,218,70,704,831,86.00
0802,上清寺局,城市,未捆绑,11896555,卡式电话          ,2,2,9,13,0.47
0802,上清寺局,城市,未捆绑,96501,固定电话          ,58,32,45,116,11.60
0802,上清寺局,城市,未捆绑,96501,后付费包月小灵通  ,1,1,0,2,0.20
0802,上清寺局,城市,未捆绑,966118,固定电话          ,1417,551,5941,7144,714.60
0802,上清寺局,城市,未捆绑,966118,后付费包月小灵通  ,537,62,6492,6527,652.70
0802,上清寺局,城市,未捆绑,966118,后付费非包月小灵通,71,18,886,882,88.20
0802,上清寺局,城市,未捆绑,966118,卡式电话          ,44,33,255,297,14.59
0802,上清寺局,城市,未捆绑,966118,预付费包月小灵通  ,661,30,6855,6877,673.95
0802,上清寺局,城市,未捆绑,966118,预付费非包月小灵通,153,36,1413,1424,143.57
0802,观音桥局,城市,未捆绑,118318,固定电话          ,439,84,4527,4640,464.00
0802,观音桥局,城市,未捆绑,118318,后付费包月小灵通  ,655,74,5516,5655,564.70
0802,观音桥局,城市,未捆绑,118318,后付费非包月小灵通,141,32,704,751,75.10
0802,观音桥局,城市,未捆绑,118318,卡式电话          ,25,11,72,82,6.71
0802,观音桥局,城市,未捆绑,118318,预付费包月小灵通  ,423,72,3639,3718,364.36
0802,观音桥局,城市,未捆绑,118318,预付费非包月小灵通,231,54,1017,1124,121.86
0802,观音桥局,城市,未捆绑,96501,固定电话          ,88,16,71,176,17.60
0802,观音桥局,城市,未捆绑,96501,后付费非包月小灵通,2,1,1,4,0.40
0802,观音桥局,城市,未捆绑,966118,固定电话          ,3275,1869,8585,13269,1325.30
0802,观音桥局,城市,未捆绑,966118,后付费包月小灵通  ,477,55,4971,4971,497.10
0802,观音桥局,城市,未捆绑,966118,后付费非包月小灵通,78,19,485,493,49.30
0802,观音桥局,城市,未捆绑,966118,卡式电话          ,12,8,52,58,4.86
0802,观音桥局,城市,未捆绑,966118,预付费包月小灵通  ,358,36,6179,6151,604.22
0802,观音桥局,城市,未捆绑,966118,预付费非包月小灵通,185,35,1098,1122,118.09
0802,沙坪坝局,城市,未捆绑,118318,固定电话          ,522,105,15040,15202,1540.50
0802,沙坪坝局,城市,未捆绑,118318,后付费包月小灵通  ,782,88,5323,5728,572.80
0802,沙坪坝局,城市,未捆绑,118318,后付费非包月小灵通,181,29,1270,1329,129.20
0802,沙坪坝局,城市,未捆绑,118318,卡式电话          ,25,8,193,211,16.95
0802,沙坪坝局,城市,未捆绑,118318,预付费包月小灵通  ,862,76,5849,6072,595.06
0802,沙坪坝局,城市,未捆绑,118318,预付费非包月小灵通,256,95,857,1071,123.68
0802,沙坪坝局,城市,未捆绑,11896555,卡式电话          ,1,1,0,2,0.17
0802,沙坪坝局,城市,未捆绑,96501,固定电话          ,67,30,55,133,13.20
0802,沙坪坝局,城市,未捆绑,96501,后付费包月小灵通  ,10,3,10,20,2.00
0802,沙坪坝局,城市,未捆绑,96501,后付费非包月小灵通,6,3,4,12,1.20
0802,沙坪坝局,城市,未捆绑,966118,固定电话          ,3046,1563,10030,13623,1360.98
0802,沙坪坝局,城市,未捆绑,966118,后付费包月小灵通  ,555,58,6245,6293,629.30
0802,沙坪坝局,城市,未捆绑,966118,后付费非包月小灵通,96,24,1117,1124,112.40
0802,沙坪坝局,城市,未捆绑,966118,卡式电话          ,29,14,270,277,17.47
0802,沙坪坝局,城市,未捆绑,966118,预付费包月小灵通  ,413,32,6078,5973,585.35
0802,沙坪坝局,城市,未捆绑,966118,预付费非包月小灵通,150,42,742,777,92.90
0802,沙坪坝局,乡村,未捆绑,966118,固定电话          ,1,1,1,2,0.20
0802,杨家坪局,城市,未捆绑,118318,固定电话          ,603,120,5882,6119,610.10
0802,杨家坪局,城市,未捆绑,118318,后付费包月小灵通  ,551,86,3269,3481,350.45
0802,杨家坪局,城市,未捆绑,118318,后付费非包月小灵通,85,29,382,417,42.50
0802,杨家坪局,城市,未捆绑,118318,卡式电话          ,10,7,43,47,3.91
0802,杨家坪局,城市,未捆绑,118318,预付费包月小灵通  ,601,68,5300,5368,526.06
0802,杨家坪局,城市,未捆绑,118318,预付费非包月小灵通,431,101,1896,2106,233.78
0802,杨家坪局,城市,未捆绑,11896555,卡式电话          ,3,2,12,16,0.60
0802,杨家坪局,城市,未捆绑,96501,固定电话          ,55,26,53,109,10.60
0802,杨家坪局,城市,未捆绑,96501,后付费包月小灵通  ,2,1,1,4,0.40
0802,杨家坪局,城市,未捆绑,96501,后付费非包月小灵通,2,1,1,4,0.60
0802,杨家坪局,城市,未捆绑,966118,固定电话          ,3219,1500,17334,20910,2094.20
0802,杨家坪局,城市,未捆绑,966118,后付费包月小灵通  ,585,52,4045,4233,423.30
0802,杨家坪局,城市,未捆绑,966118,后付费非包月小灵通,44,13,514,526,52.60
0802,杨家坪局,城市,未捆绑,966118,卡式电话          ,24,15,57,83,5.69
0802,杨家坪局,城市,未捆绑,966118,预付费包月小灵通  ,282,31,2590,2653,259.99
0802,杨家坪局,城市,未捆绑,966118,预付费非包月小灵通,254,54,1241,1354,162.53
0802,北部新区局,城市,未捆绑,118318,固定电话          ,52,19,363,397,39.60
0802,北部新区局,城市,未捆绑,118318,后付费包月小灵通  ,64,8,435,454,45.40
0802,北部新区局,城市,未捆绑,118318,后付费非包月小灵通,30,4,155,162,16.20
0802,北部新区局,城市,未捆绑,118318,卡式电话          ,6,1,40,37,3.68
0802,北部新区局,城市,未捆绑,118318,预付费包月小灵通  ,72,9,706,728,71.34
0802,北部新区局,城市,未捆绑,118318,预付费非包月小灵通,13,9,58,69,9.26
0802,北部新区局,城市,未捆绑,96501,固定电话          ,2,1,1,4,0.40
0802,北部新区局,城市,未捆绑,966118,固定电话          ,1071,661,2373,3885,388.20
0802,北部新区局,城市,未捆绑,966118,后付费包月小灵通  ,1,1,7,7,0.70
0802,北部新区局,城市,未捆绑,966118,后付费非包月小灵通,3,1,24,25,2.50
0802,北部新区局,城市,未捆绑,966118,卡式电话          ,2,2,4,5,0.51
0802,北部新区局,城市,未捆绑,966118,预付费包月小灵通  ,68,8,543,538,52.72
0802,北部新区局,城市,未捆绑,966118,预付费非包月小灵通,58,5,98,134,13.72
0802,北部新区局,乡村,未捆绑,966118,固定电话          ,72,4,245,269,26.90
0802,大客户事业部,城市,未捆绑,118318,固定电话          ,470,32,3522,3648,364.50
0802,大客户事业部,城市,未捆绑,118318,后付费包月小灵通  ,25,5,197,206,20.60
0802,大客户事业部,城市,未捆绑,118318,后付费非包月小灵通,13,2,81,82,8.20
0802,大客户事业部,城市,未捆绑,96501,固定电话          ,24,11,18,48,4.80
0802,大客户事业部,城市,未捆绑,966118,固定电话          ,707,199,4020,4537,453.70
0802,大客户事业部,城市,未捆绑,966118,后付费包月小灵通  ,11,3,111,109,10.90
0802,大客户事业部,城市,未捆绑,966118,后付费非包月小灵通,7,3,37,38,3.80
0802,未归类区县局,城市,未捆绑,118318,固定电话          ,6,2,39,40,4.00
0802,未归类区县局,城市,未捆绑,118318,卡式电话          ,5,1,39,38,3.59
0802,未归类区县局,城市,未捆绑,118318,预付费非包月小灵通,295,7,3846,3845,0.00
0802,未归类区县局,城市,未捆绑,966118,固定电话          ,23,14,137,161,16.04
0802,未归类区县局,城市,未捆绑,966118,卡式电话          ,6,2,4,12,0.70
0802,未归类区县局,城市,未捆绑,966118,预付费非包月小灵通,125,8,1715,1713,0.00
0802,未归类分公司,城市,未捆绑,118318,后付费包月小灵通  ,27,3,196,202,20.20
0802,未归类分公司,城市,未捆绑,118318,预付费非包月小灵通,88,1,695,669,65.56
0802,未归类分公司,城市,未捆绑,966118,后付费包月小灵通  ,17,1,347,342,34.20
0802,未归类分公司,城市,未捆绑,966118,预付费非包月小灵通,1,1,0,2,0.20
0803,渝北电信公司,城市,未捆绑,118318,固定电话          ,42,16,252,262,26.20
0803,渝北电信公司,城市,未捆绑,118318,后付费包月小灵通  ,601,28,4595,4671,467.10
0803,渝北电信公司,城市,未捆绑,118318,后付费非包月小灵通,158,13,537,618,61.80
0803,渝北电信公司,城市,未捆绑,118318,预付费包月小灵通  ,1392,57,9181,9552,0.20
0803,渝北电信公司,城市,未捆绑,118318,预付费非包月小灵通,3,2,8,8,1.08
0803,渝北电信公司,城市,未捆绑,96501,固定电话          ,3,3,1,6,0.60
0803,渝北电信公司,城市,未捆绑,96501,后付费非包月小灵通,1,1,0,2,0.20
0803,渝北电信公司,城市,未捆绑,96511,卡式电话          ,1,1,0,2,0.26
0803,渝北电信公司,城市,未捆绑,966118,固定电话          ,491,269,1424,2027,197.98
0803,渝北电信公司,城市,未捆绑,966118,后付费包月小灵通  ,263,29,2480,2497,249.70
0803,渝北电信公司,城市,未捆绑,966118,后付费非包月小灵通,146,20,1800,1790,179.00
0803,渝北电信公司,城市,未捆绑,966118,卡式电话          ,5,4,29,29,2.75
0803,渝北电信公司,城市,未捆绑,966118,预付费包月小灵通  ,1380,55,16341,16595,0.00
0803,渝北电信公司,城市,未捆绑,966118,预付费非包月小灵通,3,1,34,36,5.29
0803,渝北电信公司,乡村,未捆绑,118318,固定电话          ,7,6,11,17,1.70
0803,渝北电信公司,乡村,未捆绑,118318,后付费包月小灵通  ,8,4,26,32,0.00
0803,渝北电信公司,乡村,未捆绑,118318,预付费包月小灵通  ,17671,939,153896,158318,42.24
0803,渝北电信公司,乡村,未捆绑,118318,预付费非包月小灵通,259,40,2512,2564,14.46
0803,渝北电信公司,乡村,未捆绑,96501,固定电话          ,3,3,1,6,0.60
0803,渝北电信公司,乡村,未捆绑,966118,固定电话          ,91,60,160,290,29.00
0803,渝北电信公司,乡村,未捆绑,966118,后付费包月小灵通  ,4,4,286,289,0.00
0803,渝北电信公司,乡村,未捆绑,966118,卡式电话          ,4,3,81,80,7.20
0803,渝北电信公司,乡村,未捆绑,966118,预付费包月小灵通  ,20316,1071,241956,244072,41.16
0803,渝北电信公司,乡村,未捆绑,966118,预付费非包月小灵通,402,34,5354,5413,8.48
0803,璧山电信公司,城市,未捆绑,118318,固定电话          ,16,7,64,72,7.20
0803,璧山电信公司,城市,未捆绑,118318,后付费包月小灵通  ,2052,109,13324,14053,1405.30
0803,璧山电信公司,城市,未捆绑,118318,后付费非包月小灵通,43,20,136,166,16.80
0803,璧山电信公司,城市,未捆绑,118318,预付费非包月小灵通,6,2,12,17,1.67
0803,璧山电信公司,城市,未捆绑,966118,固定电话          ,148,107,215,426,42.60
0803,璧山电信公司,城市,未捆绑,966118,后付费包月小灵通  ,983,56,9425,9523,952.30
0803,璧山电信公司,城市,未捆绑,966118,后付费非包月小灵通,51,9,805,809,80.90
0803,璧山电信公司,乡村,未捆绑,118318,固定电话          ,179,10,866,930,93.00
0803,璧山电信公司,乡村,未捆绑,118318,预付费包月小灵通  ,193,11,2137,2133,0.78
0803,璧山电信公司,乡村,未捆绑,118318,预付费非包月小灵通,55,10,234,272,11.27
0803,璧山电信公司,乡村,未捆绑,966118,固定电话          ,297,185,1423,1827,182.70
0803,璧山电信公司,乡村,未捆绑,966118,后付费非包月小灵通,2,1,10,12,1.20
0803,璧山电信公司,乡村,未捆绑,966118,预付费包月小灵通  ,48,5,257,294,0.00
0803,璧山电信公司,乡村,未捆绑,966118,预付费非包月小灵通,36,3,70,100,6.66
0803,江津电信公司,城市,未捆绑,118318,固定电话          ,21,4,55,66,6.60
0803,江津电信公司,城市,未捆绑,118318,后付费包月小灵通  ,42,4,162,186,18.60
0803,江津电信公司,城市,未捆绑,118318,后付费非包月小灵通,25,10,69,81,8.10
0803,江津电信公司,城市,未捆绑,118318,预付费非包月小灵通,2,2,2,4,0.39
0803,江津电信公司,城市,未捆绑,966118,固定电话          ,184,116,425,673,69.20
0803,江津电信公司,城市,未捆绑,966118,后付费包月小灵通  ,82,4,477,477,47.70
0803,江津电信公司,城市,未捆绑,966118,后付费非包月小灵通,59,7,875,883,88.30
0803,江津电信公司,城市,未捆绑,966118,预付费非包月小灵通,2,2,0,4,0.39
0803,江津电信公司,乡村,未捆绑,118318,固定电话          ,35,7,577,573,57.30
0803,江津电信公司,乡村,未捆绑,118318,卡式电话          ,1,1,3,3,0.34
0803,江津电信公司,乡村,未捆绑,118318,预付费包月小灵通  ,6,1,79,79,0.00
0803,江津电信公司,乡村,未捆绑,96501,固定电话          ,1,1,0,2,0.20
0803,江津电信公司,乡村,未捆绑,966118,固定电话          ,580,348,1327,2039,214.46
0803,江津电信公司,乡村,未捆绑,966118,预付费包月小灵通  ,41,1,487,493,0.00
0803,合川电信公司,城市,未捆绑,118318,固定电话          ,23,9,114,113,11.30
0803,合川电信公司,城市,未捆绑,118318,后付费包月小灵通  ,10,2,33,35,3.50
0803,合川电信公司,城市,未捆绑,118318,后付费非包月小灵通,14,5,90,94,9.40
0803,合川电信公司,城市,未捆绑,118318,卡式电话          ,29,2,275,268,24.87
0803,合川电信公司,城市,未捆绑,966118,固定电话          ,306,136,2608,2872,289.80
0803,合川电信公司,城市,未捆绑,966118,后付费非包月小灵通,12,5,111,107,10.80
0803,合川电信公司,城市,未捆绑,966118,卡式电话          ,13,1,163,156,14.47
0803,合川电信公司,乡村,未捆绑,118318,固定电话          ,102,33,590,616,62.80
0803,合川电信公司,乡村,未捆绑,118318,预付费包月小灵通  ,83,4,498,541,0.00
0803,合川电信公司,乡村,未捆绑,118318,预付费非包月小灵通,256,7,1041,1137,2.16
0803,合川电信公司,乡村,未捆绑,966118,固定电话          ,304,102,995,1137,120.40
0803,合川电信公司,乡村,未捆绑,966118,预付费包月小灵通  ,72,4,396,419,0.00
0803,合川电信公司,乡村,未捆绑,966118,预付费非包月小灵通,2,2,10,12,1.27
0803,北碚电信公司,城市,未捆绑,118318,固定电话          ,88,18,767,811,81.10
0803,北碚电信公司,城市,未捆绑,118318,后付费包月小灵通  ,373,42,3523,3556,355.60
0803,北碚电信公司,城市,未捆绑,118318,后付费非包月小灵通,638,61,4091,4327,432.70
0803,北碚电信公司,城市,未捆绑,118318,卡式电话          ,26,4,193,190,17.77
0803,北碚电信公司,城市,未捆绑,118318,预付费包月小灵通  ,2765,119,24647,25611,3.82
0803,北碚电信公司,城市,未捆绑,118318,预付费非包月小灵通,65,3,219,242,0.59
0803,北碚电信公司,城市,未捆绑,96501,固定电话          ,2,2,1,4,0.40
0803,北碚电信公司,城市,未捆绑,966118,固定电话          ,256,68,2170,2268,226.80
0803,北碚电信公司,城市,未捆绑,966118,后付费包月小灵通  ,808,73,8164,8169,816.90
0803,北碚电信公司,城市,未捆绑,966118,后付费非包月小灵通,1225,133,12522,12672,1267.60
0803,北碚电信公司,城市,未捆绑,966118,卡式电话          ,67,21,330,336,30.97
0803,北碚电信公司,城市,未捆绑,966118,预付费包月小灵通  ,3088,115,40109,40447,2.65
0803,北碚电信公司,城市,未捆绑,966118,预付费非包月小灵通,63,2,279,291,1.37
0803,北碚电信公司,乡村,未捆绑,118318,固定电话          ,50,10,272,276,27.60
0803,北碚电信公司,乡村,未捆绑,118318,后付费包月小灵通  ,66,3,1134,1158,115.80
0803,北碚电信公司,乡村,未捆绑,118318,后付费非包月小灵通,15,2,78,81,8.10
0803,北碚电信公司,乡村,未捆绑,118318,预付费包月小灵通  ,7178,422,76731,78060,9.41
0803,北碚电信公司,乡村,未捆绑,118318,预付费非包月小灵通,481,35,5392,5427,9.80
0803,北碚电信公司,乡村,未捆绑,96501,固定电话          ,2,2,0,4,0.40
0803,北碚电信公司,乡村,未捆绑,966118,固定电话          ,92,53,725,808,80.80
0803,北碚电信公司,乡村,未捆绑,966118,后付费非包月小灵通,27,5,361,364,36.40
0803,北碚电信公司,乡村,未捆绑,966118,卡式电话          ,2,2,13,12,1.20
0803,北碚电信公司,乡村,未捆绑,966118,预付费包月小灵通  ,9870,473,115072,116485,9.60
0803,北碚电信公司,乡村,未捆绑,966118,预付费非包月小灵通,378,34,4049,4113,28.52
0803,巴南电信公司,城市,未捆绑,118318,固定电话          ,202,31,1955,1982,198.20
0803,巴南电信公司,城市,未捆绑,118318,后付费包月小灵通  ,111,20,1453,1511,30.50
0803,巴南电信公司,城市,未捆绑,118318,后付费非包月小灵通,236,16,1371,1417,141.70
0803,巴南电信公司,城市,未捆绑,118318,预付费包月小灵通  ,2961,173,28505,29266,0.00
0803,巴南电信公司,城市,未捆绑,118318,预付费非包月小灵通,32,6,149,150,0.49
0803,巴南电信公司,城市,未捆绑,96501,固定电话          ,2,2,1,4,0.40
0803,巴南电信公司,城市,未捆绑,966118,固定电话          ,970,538,2799,4028,400.80
0803,巴南电信公司,城市,未捆绑,966118,后付费包月小灵通  ,136,12,1538,1552,97.90
0803,巴南电信公司,城市,未捆绑,966118,后付费非包月小灵通,205,17,2874,2858,285.80
0803,巴南电信公司,城市,未捆绑,966118,卡式电话          ,30,11,127,133,12.28
0803,巴南电信公司,城市,未捆绑,966118,预付费包月小灵通  ,3727,167,39822,40415,22.15
0803,巴南电信公司,城市,未捆绑,966118,预付费非包月小灵通,4,1,20,17,0.00
0803,巴南电信公司,乡村,未捆绑,118318,固定电话          ,20,10,106,123,12.30
0803,巴南电信公司,乡村,未捆绑,118318,预付费包月小灵通  ,2518,180,27381,28011,19.31
0803,巴南电信公司,乡村,未捆绑,118318,预付费非包月小灵通,35,21,89,115,9.80
0803,巴南电信公司,乡村,未捆绑,96501,固定电话          ,2,1,0,4,0.40
0803,巴南电信公司,乡村,未捆绑,966118,固定电话          ,350,203,1092,1533,154.40
0803,巴南电信公司,乡村,未捆绑,966118,后付费包月小灵通  ,2,2,14,16,0.00
0803,巴南电信公司,乡村,未捆绑,966118,预付费包月小灵通  ,3989,223,50009,50538,29.20
0803,巴南电信公司,乡村,未捆绑,966118,预付费非包月小灵通,49,19,873,898,9.70
0803,永川电信公司,城市,未捆绑,118318,固定电话          ,46,15,363,375,36.60
0803,永川电信公司,城市,未捆绑,118318,后付费包月小灵通  ,64,12,170,209,20.90
0803,永川电信公司,城市,未捆绑,118318,后付费非包月小灵通,212,21,1381,1385,138.50
0803,永川电信公司,城市,未捆绑,118318,预付费包月小灵通  ,97,1,626,630,0.00
0803,永川电信公司,城市,未捆绑,96501,固定电话          ,1,1,0,2,0.20
0803,永川电信公司,城市,未捆绑,966118,固定电话          ,551,236,1473,2088,205.90
0803,永川电信公司,城市,未捆绑,966118,后付费包月小灵通  ,64,7,840,824,82.40
0803,永川电信公司,城市,未捆绑,966118,后付费非包月小灵通,85,17,948,955,95.50
0803,永川电信公司,城市,未捆绑,966118,卡式电话          ,16,5,87,86,8.32
0803,永川电信公司,城市,未捆绑,966118,预付费包月小灵通  ,3,1,4,6,0.00
0803,永川电信公司,城市,未捆绑,966118,预付费非包月小灵通,3,1,0,6,0.88
0803,永川电信公司,乡村,未捆绑,118318,固定电话          ,21,12,39,55,5.50
0803,永川电信公司,乡村,未捆绑,118318,预付费包月小灵通  ,9,1,80,78,0.00
0803,永川电信公司,乡村,未捆绑,966118,固定电话          ,1791,855,5709,7693,766.30
0803,万州电信公司,城市,未捆绑,118318,固定电话          ,63,10,803,814,81.40
0803,万州电信公司,城市,未捆绑,118318,后付费非包月小灵通,77,21,113,195,19.50
0803,万州电信公司,城市,未捆绑,118318,预付费包月小灵通  ,21,3,123,132,0.59
0803,万州电信公司,城市,未捆绑,96501,固定电话          ,1,1,0,2,0.20
0803,万州电信公司,城市,未捆绑,96511,固定电话          ,2,1,0,4,0.40
0803,万州电信公司,城市,未捆绑,96511,卡式电话          ,2,2,0,4,0.52
0803,万州电信公司,城市,未捆绑,966118,固定电话          ,84,35,244,331,33.10
0803,万州电信公司,城市,未捆绑,966118,后付费非包月小灵通,10,6,21,25,2.50
0803,万州电信公司,城市,未捆绑,966118,卡式电话          ,116,19,648,647,61.00
0803,万州电信公司,城市,未捆绑,966118,预付费非包月小灵通,1,1,0,2,0.20
0803,万州电信公司,乡村,未捆绑,118318,固定电话          ,72,18,236,298,29.80
0803,万州电信公司,乡村,未捆绑,118318,后付费非包月小灵通,3,3,12,15,1.50
0803,万州电信公司,乡村,未捆绑,118318,预付费包月小灵通  ,1,1,22,22,0.00
0803,万州电信公司,乡村,未捆绑,118318,预付费非包月小灵通,5,4,19,24,2.35
0803,万州电信公司,乡村,未捆绑,966118,固定电话          ,278,110,1435,1619,161.90
0803,万州电信公司,乡村,未捆绑,966118,后付费非包月小灵通,3,1,22,21,2.10
0803,万州电信公司,乡村,未捆绑,966118,预付费包月小灵通  ,5,1,83,82,0.00
0803,万州电信公司,乡村,未捆绑,966118,预付费非包月小灵通,3,2,2,6,0.59
0803,开县电信公司,城市,未捆绑,118318,固定电话          ,24,4,119,128,12.80
0803,开县电信公司,城市,未捆绑,118318,后付费非包月小灵通,6,2,12,16,1.60
0803,开县电信公司,城市,未捆绑,966118,固定电话          ,1175,751,2106,3868,386.70
0803,开县电信公司,城市,未捆绑,966118,后付费非包月小灵通,1,1,1,2,0.20
0803,开县电信公司,城市,未捆绑,966118,卡式电话          ,29,11,243,244,21.94
0803,开县电信公司,乡村,未捆绑,118318,固定电话          ,51,13,289,305,30.50
0803,开县电信公司,乡村,未捆绑,118318,预付费非包月小灵通,1,1,0,2,0.20
0803,开县电信公司,乡村,未捆绑,966118,固定电话          ,1346,579,3861,5372,536.70
0803,开县电信公司,乡村,未捆绑,966118,卡式电话          ,1,1,0,2,0.09
0803,开县电信公司,乡村,未捆绑,966118,预付费非包月小灵通,1,1,2,2,0.20
0803,涪陵电信公司,城市,未捆绑,118318,固定电话          ,15,8,39,40,4.00
0803,涪陵电信公司,城市,未捆绑,118318,后付费包月小灵通  ,151,7,1031,1029,102.90
0803,涪陵电信公司,城市,未捆绑,118318,后付费非包月小灵通,34,4,202,215,21.50
0803,涪陵电信公司,城市,未捆绑,118318,预付费非包月小灵通,1,1,0,2,0.20
0803,涪陵电信公司,城市,未捆绑,966118,固定电话          ,138,60,1424,1517,151.70
0803,涪陵电信公司,城市,未捆绑,966118,后付费包月小灵通  ,107,11,1536,1516,151.60
0803,涪陵电信公司,城市,未捆绑,966118,后付费非包月小灵通,36,7,444,445,44.50
0803,涪陵电信公司,城市,未捆绑,966118,预付费非包月小灵通,1,1,2,2,0.20
0803,涪陵电信公司,乡村,未捆绑,118318,固定电话          ,34,3,341,353,35.30
0803,涪陵电信公司,乡村,未捆绑,118318,后付费非包月小灵通,34,1,101,101,10.10
0803,涪陵电信公司,乡村,未捆绑,118318,预付费非包月小灵通,29,4,343,343,0.00
0803,涪陵电信公司,乡村,未捆绑,966118,固定电话          ,303,117,1874,2087,210.40
0803,涪陵电信公司,乡村,未捆绑,966118,后付费非包月小灵通,14,1,44,44,4.40
0803,涪陵电信公司,乡村,未捆绑,966118,预付费非包月小灵通,12,2,69,66,0.00
0803,石柱电信公司,城市,未捆绑,118318,固定电话          ,14,4,80,86,8.60
0803,石柱电信公司,城市,未捆绑,118318,后付费非包月小灵通,5,4,6,4,0.90
0803,石柱电信公司,城市,未捆绑,118318,预付费非包月小灵通,5,1,2,10,0.98
0803,石柱电信公司,城市,未捆绑,11896555,卡式电话          ,2,1,25,24,2.06
0803,石柱电信公司,城市,未捆绑,966118,固定电话          ,42,21,113,153,15.30
0803,石柱电信公司,城市,未捆绑,966118,后付费非包月小灵通,3,1,29,27,3.00
0803,石柱电信公司,乡村,未捆绑,118318,固定电话          ,3,2,2,6,0.60
0803,石柱电信公司,乡村,未捆绑,118318,预付费非包月小灵通,31,8,46,81,7.74
0803,石柱电信公司,乡村,未捆绑,966118,固定电话          ,204,125,303,568,56.80
0803,石柱电信公司,乡村,未捆绑,966118,预付费非包月小灵通,11,3,35,38,3.72
0803,长寿电信公司,城市,未捆绑,118318,固定电话          ,41,8,144,159,15.90
0803,长寿电信公司,城市,未捆绑,118318,后付费包月小灵通  ,198,14,1661,1661,166.10
0803,长寿电信公司,城市,未捆绑,118318,后付费非包月小灵通,10,4,111,113,11.30
0803,长寿电信公司,城市,未捆绑,118318,卡式电话          ,4,4,15,15,1.46
0803,长寿电信公司,城市,未捆绑,118318,预付费非包月小灵通,4,2,12,15,1.91
0803,长寿电信公司,城市,未捆绑,966118,固定电话          ,205,124,324,607,60.30
0803,长寿电信公司,城市,未捆绑,966118,后付费包月小灵通  ,38,5,432,428,42.80
0803,长寿电信公司,城市,未捆绑,966118,后付费非包月小灵通,18,3,331,330,33.00
0803,长寿电信公司,城市,未捆绑,966118,卡式电话          ,61,23,290,296,27.75
0803,长寿电信公司,乡村,未捆绑,118318,固定电话          ,41,11,123,155,15.50
0803,长寿电信公司,乡村,未捆绑,118318,卡式电话          ,1,1,6,6,0.60
0803,长寿电信公司,乡村,未捆绑,118318,预付费包月小灵通  ,37,3,962,959,0.00
0803,长寿电信公司,乡村,未捆绑,118318,预付费非包月小灵通,4,3,9,12,0.98
0803,长寿电信公司,乡村,未捆绑,966118,固定电话          ,417,142,1039,1340,133.90
0803,长寿电信公司,乡村,未捆绑,966118,卡式电话          ,11,6,78,80,7.30
0803,大足电信公司,城市,未捆绑,118318,固定电话          ,6,5,9,13,1.30
0803,大足电信公司,城市,未捆绑,118318,后付费包月小灵通  ,14,6,84,90,9.00
0803,大足电信公司,城市,未捆绑,118318,后付费非包月小灵通,7,2,24,22,2.20
0803,大足电信公司,城市,未捆绑,96501,固定电话          ,2,2,1,4,0.40
0803,大足电信公司,城市,未捆绑,966118,固定电话          ,150,83,220,432,43.20
0803,大足电信公司,城市,未捆绑,966118,后付费包月小灵通  ,4,2,31,36,3.60
0803,大足电信公司,城市,未捆绑,966118,后付费非包月小灵通,3,1,19,23,2.30
0803,大足电信公司,乡村,未捆绑,118318,固定电话          ,1,1,0,2,0.20
0803,大足电信公司,乡村,未捆绑,118318,预付费包月小灵通  ,35,2,305,307,0.00
0803,大足电信公司,乡村,未捆绑,966118,固定电话          ,323,233,421,897,89.60
0803,大足电信公司,乡村,未捆绑,966118,预付费包月小灵通  ,70,1,888,906,0.00
0803,双桥电信公司,城市,未捆绑,118318,固定电话          ,28,5,347,356,35.60
0803,双桥电信公司,城市,未捆绑,118318,后付费包月小灵通  ,711,31,5620,5957,595.70
0803,双桥电信公司,城市,未捆绑,118318,后付费非包月小灵通,245,16,1005,1059,105.90
0803,双桥电信公司,城市,未捆绑,966118,固定电话          ,142,17,1414,1452,143.00
0803,双桥电信公司,城市,未捆绑,966118,后付费包月小灵通  ,125,10,1984,1964,196.40
0803,双桥电信公司,城市,未捆绑,966118,后付费非包月小灵通,136,4,1503,1490,149.00
0803,潼南电信公司,城市,未捆绑,118318,固定电话          ,147,1,340,441,44.10
0803,潼南电信公司,城市,未捆绑,118318,后付费包月小灵通  ,3,2,1,6,0.60
0803,潼南电信公司,城市,未捆绑,118318,后付费非包月小灵通,2,2,3,4,0.40
0803,潼南电信公司,城市,未捆绑,118318,卡式电话          ,4,2,12,10,1.20
0803,潼南电信公司,城市,未捆绑,96511,卡式电话          ,1,1,0,2,0.26
0803,潼南电信公司,城市,未捆绑,966118,固定电话          ,139,85,231,428,42.50
0803,潼南电信公司,城市,未捆绑,966118,后付费包月小灵通  ,7,6,29,32,3.20
0803,潼南电信公司,城市,未捆绑,966118,后付费非包月小灵通,16,3,39,50,5.00
0803,潼南电信公司,城市,未捆绑,966118,卡式电话          ,27,11,124,132,11.86
0803,潼南电信公司,乡村,未捆绑,118318,固定电话          ,18,5,92,103,10.30
0803,潼南电信公司,乡村,未捆绑,118318,卡式电话          ,2,2,4,5,0.51
0803,潼南电信公司,乡村,未捆绑,118318,预付费非包月小灵通,1,1,0,2,0.00
0803,潼南电信公司,乡村,未捆绑,966118,固定电话          ,621,309,916,1681,168.00
0803,潼南电信公司,乡村,未捆绑,966118,卡式电话          ,3,1,66,65,5.82
0803,潼南电信公司,乡村,未捆绑,966118,预付费包月小灵通  ,63,3,854,856,0.00
0803,荣昌电信公司,城市,未捆绑,118318,固定电话          ,97,12,471,497,49.70
0803,荣昌电信公司,城市,未捆绑,118318,后付费包月小灵通  ,143,31,982,1026,102.60
0803,荣昌电信公司,城市,未捆绑,118318,后付费非包月小灵通,1477,88,11918,12267,1226.70
0803,荣昌电信公司,城市,未捆绑,966118,固定电话          ,107,47,215,348,34.80
0803,荣昌电信公司,城市,未捆绑,966118,后付费包月小灵通  ,83,14,1572,1556,155.60
0803,荣昌电信公司,城市,未捆绑,966118,后付费非包月小灵通,733,49,7657,8103,810.30
0803,荣昌电信公司,城市,未捆绑,966118,卡式电话          ,1,1,1,2,0.17
0803,荣昌电信公司,乡村,未捆绑,118318,固定电话          ,62,21,187,226,23.00
0803,荣昌电信公司,乡村,未捆绑,118318,后付费非包月小灵通,5,1,7,11,0.00
0803,荣昌电信公司,乡村,未捆绑,118318,预付费包月小灵通  ,8,3,68,71,0.00
0803,荣昌电信公司,乡村,未捆绑,118318,预付费非包月小灵通,1,1,8,8,0.78
0803,荣昌电信公司,乡村,未捆绑,966118,固定电话          ,81,46,296,375,38.20
0803,荣昌电信公司,乡村,未捆绑,966118,预付费包月小灵通  ,19,2,376,373,0.00
0803,巫溪电信公司,城市,未捆绑,118318,固定电话          ,3,2,8,11,1.10
0803,巫溪电信公司,城市,未捆绑,966118,固定电话          ,85,54,78,211,20.90
0803,巫溪电信公司,乡村,未捆绑,118318,固定电话          ,19,5,25,45,4.50
0803,巫溪电信公司,乡村,未捆绑,96501,固定电话          ,1,1,0,2,0.20
0803,巫溪电信公司,乡村,未捆绑,966118,固定电话          ,417,217,503,1107,110.70
0803,巫溪电信公司,乡村,未捆绑,966118,卡式电话          ,6,1,39,40,3.60
0803,忠县电信公司,城市,未捆绑,118318,固定电话          ,4,3,2,8,0.80
0803,忠县电信公司,城市,未捆绑,118318,后付费非包月小灵通,2,2,0,4,0.40
0803,忠县电信公司,城市,未捆绑,118318,卡式电话          ,2,2,4,4,0.43
0803,忠县电信公司,城市,未捆绑,118318,预付费非包月小灵通,2,1,1,4,0.39
0803,忠县电信公司,城市,未捆绑,96501,固定电话          ,2,1,0,4,0.40
0803,忠县电信公司,城市,未捆绑,966118,固定电话          ,443,231,427,1098,109.70
0803,忠县电信公司,城市,未捆绑,966118,后付费非包月小灵通,1,1,3,3,0.30
0803,忠县电信公司,城市,未捆绑,966118,卡式电话          ,18,7,151,149,13.80
0803,忠县电信公司,乡村,未捆绑,118318,固定电话          ,8,5,7,16,1.60
0803,忠县电信公司,乡村,未捆绑,118318,预付费非包月小灵通,6,3,15,21,2.06
0803,忠县电信公司,乡村,未捆绑,966118,固定电话          ,1075,562,2144,3496,349.60
0803,忠县电信公司,乡村,未捆绑,966118,后付费非包月小灵通,8,1,49,46,4.60
0803,忠县电信公司,乡村,未捆绑,966118,卡式电话          ,42,11,310,313,28.53
0803,忠县电信公司,乡村,未捆绑,966118,预付费非包月小灵通,3,2,2,6,0.59
0803,云阳电信公司,城市,未捆绑,118318,固定电话          ,7,4,16,24,2.40
0803,云阳电信公司,城市,未捆绑,118318,后付费包月小灵通  ,3,1,6,7,0.70
0803,云阳电信公司,城市,未捆绑,118318,后付费非包月小灵通,7,1,7,14,1.40
0803,云阳电信公司,城市,未捆绑,118318,预付费非包月小灵通,5,5,4,10,1.47
0803,云阳电信公司,城市,未捆绑,966118,固定电话          ,180,66,632,782,78.20
0803,云阳电信公司,城市,未捆绑,966118,后付费非包月小灵通,18,1,201,203,20.30
0803,云阳电信公司,城市,未捆绑,966118,卡式电话          ,225,32,1738,1723,158.24
0803,云阳电信公司,乡村,未捆绑,118318,固定电话          ,58,17,127,178,17.80
0803,云阳电信公司,乡村,未捆绑,118318,预付费包月小灵通  ,4,1,3,8,0.00
0803,云阳电信公司,乡村,未捆绑,118318,预付费非包月小灵通,2,2,15,17,1.67
0803,云阳电信公司,乡村,未捆绑,966118,固定电话          ,2510,1212,7361,10224,1022.20
0803,云阳电信公司,乡村,未捆绑,966118,卡式电话          ,26,8,166,163,15.11
0803,云阳电信公司,乡村,未捆绑,966118,预付费非包月小灵通,25,2,169,176,16.02
0803,奉节电信公司,城市,未捆绑,118318,固定电话          ,58,7,242,285,28.50
0803,奉节电信公司,城市,未捆绑,118318,后付费非包月小灵通,22,3,64,73,7.30
0803,奉节电信公司,城市,未捆绑,966118,固定电话          ,185,82,434,643,64.30
0803,奉节电信公司,城市,未捆绑,966118,后付费包月小灵通  ,18,1,134,135,13.50
0803,奉节电信公司,城市,未捆绑,966118,后付费非包月小灵通,18,1,47,57,5.70
0803,奉节电信公司,城市,未捆绑,966118,卡式电话          ,5,1,54,52,4.89
0803,奉节电信公司,乡村,未捆绑,118318,固定电话          ,1,1,4,4,0.40
0803,奉节电信公司,乡村,未捆绑,118318,后付费非包月小灵通,3,1,4,6,0.60
0803,奉节电信公司,乡村,未捆绑,118318,预付费非包月小灵通,3,3,3,6,0.59
0803,奉节电信公司,乡村,未捆绑,966118,固定电话          ,675,277,1566,2403,240.10
0803,奉节电信公司,乡村,未捆绑,966118,预付费非包月小灵通,4,1,7,10,0.98
0803,巫山电信公司,城市,未捆绑,118318,固定电话          ,2,2,11,11,1.10
0803,巫山电信公司,城市,未捆绑,118318,后付费非包月小灵通,11,4,91,102,10.20
0803,巫山电信公司,城市,未捆绑,966118,固定电话          ,119,65,104,257,24.40
0803,巫山电信公司,城市,未捆绑,966118,后付费非包月小灵通,2,1,0,4,0.40
0803,巫山电信公司,乡村,未捆绑,118318,固定电话          ,5,4,5,12,1.20
0803,巫山电信公司,乡村,未捆绑,118318,预付费非包月小灵通,2,1,0,4,0.00
0803,巫山电信公司,乡村,未捆绑,966118,固定电话          ,89,65,60,198,19.60
0803,城口电信公司,城市,未捆绑,118318,固定电话          ,1,1,2,2,0.20
0803,城口电信公司,城市,未捆绑,118318,预付费包月小灵通  ,1,1,4,4,0.00
0803,城口电信公司,城市,未捆绑,966118,固定电话          ,19,7,65,80,8.00
0803,城口电信公司,城市,未捆绑,966118,预付费包月小灵通  ,12,1,190,189,0.00
0803,城口电信公司,乡村,未捆绑,118318,固定电话          ,2,2,1,4,0.40
0803,城口电信公司,乡村,未捆绑,966118,固定电话          ,7,5,18,23,2.30
0803,丰都电信公司,城市,未捆绑,118318,固定电话          ,26,3,238,251,25.10
0803,丰都电信公司,城市,未捆绑,118318,后付费非包月小灵通,13,2,306,311,31.10
0803,丰都电信公司,城市,未捆绑,118318,预付费非包月小灵通,9,2,116,112,10.98
0803,丰都电信公司,城市,未捆绑,11896555,卡式电话          ,29,7,200,201,17.20
0803,丰都电信公司,城市,未捆绑,966118,固定电话          ,110,33,611,653,64.20
0803,丰都电信公司,城市,未捆绑,966118,后付费非包月小灵通,4,2,21,20,2.00
0803,丰都电信公司,城市,未捆绑,966118,卡式电话          ,5,3,22,22,2.15
0803,丰都电信公司,乡村,未捆绑,118318,固定电话          ,16,6,84,88,8.80
0803,丰都电信公司,乡村,未捆绑,118318,预付费包月小灵通  ,1,1,0,2,0.00
0803,丰都电信公司,乡村,未捆绑,118318,预付费非包月小灵通,9,4,12,21,2.06
0803,丰都电信公司,乡村,未捆绑,966118,固定电话          ,265,53,1709,1781,178.10
0803,丰都电信公司,乡村,未捆绑,966118,卡式电话          ,2,1,20,20,1.88
0803,丰都电信公司,乡村,未捆绑,966118,预付费非包月小灵通,5,2,32,32,3.14
0803,南川电信公司,城市,未捆绑,118318,固定电话          ,16,5,72,79,8.10
0803,南川电信公司,城市,未捆绑,118318,后付费包月小灵通  ,7,1,36,35,3.50
0803,南川电信公司,城市,未捆绑,11896555,卡式电话          ,23,4,109,111,9.50
0803,南川电信公司,城市,未捆绑,96501,固定电话          ,1,1,0,2,0.20
0803,南川电信公司,城市,未捆绑,966118,固定电话          ,152,80,1158,1282,124.50
0803,南川电信公司,城市,未捆绑,966118,后付费非包月小灵通,13,4,68,70,7.20
0803,南川电信公司,城市,未捆绑,966118,卡式电话          ,26,7,244,243,21.68
0803,南川电信公司,乡村,未捆绑,118318,固定电话          ,45,20,139,158,15.80
0803,南川电信公司,乡村,未捆绑,118318,后付费非包月小灵通,1,1,8,8,0.80
0803,南川电信公司,乡村,未捆绑,966118,固定电话          ,482,162,2803,3075,307.50
0803,南川电信公司,乡村,未捆绑,966118,卡式电话          ,1,1,0,2,0.09
0803,南川电信公司,乡村,未捆绑,966118,预付费非包月小灵通,4,1,1,8,1.18
0803,酉阳电信公司,城市,未捆绑,118318,固定电话          ,26,6,157,157,15.70
0803,酉阳电信公司,城市,未捆绑,118318,后付费包月小灵通  ,46,1,148,174,17.40
0803,酉阳电信公司,城市,未捆绑,118318,后付费非包月小灵通,12,2,63,64,6.40
0803,酉阳电信公司,城市,未捆绑,118318,预付费包月小灵通  ,1,1,0,2,0.00
0803,酉阳电信公司,城市,未捆绑,118318,预付费非包月小灵通,2,1,4,4,0.00
0803,酉阳电信公司,城市,未捆绑,11896555,卡式电话          ,1,1,2,2,0.17
0803,酉阳电信公司,城市,未捆绑,966118,固定电话          ,67,34,252,328,32.80
0803,酉阳电信公司,乡村,未捆绑,118318,固定电话          ,8,2,7,16,1.60
0803,酉阳电信公司,乡村,未捆绑,118318,预付费包月小灵通  ,3,3,38,40,0.00
0803,酉阳电信公司,乡村,未捆绑,118318,预付费非包月小灵通,2,2,3,4,0.00
0803,酉阳电信公司,乡村,未捆绑,966118,固定电话          ,107,60,235,352,35.20
0803,酉阳电信公司,乡村,未捆绑,966118,预付费包月小灵通  ,157,2,795,899,0.00
0803,酉阳电信公司,乡村,未捆绑,966118,预付费非包月小灵通,1,1,0,2,0.00
0803,秀山电信公司,城市,未捆绑,118318,固定电话          ,13,5,52,57,5.70
0803,秀山电信公司,城市,未捆绑,118318,后付费包月小灵通  ,234,16,1861,1911,191.10
0803,秀山电信公司,城市,未捆绑,118318,后付费非包月小灵通,5,3,2,6,0.20
0803,秀山电信公司,城市,未捆绑,118318,预付费非包月小灵通,2,2,0,4,0.59
0803,秀山电信公司,城市,未捆绑,11896555,卡式电话          ,2,1,2,4,0.34
0803,秀山电信公司,城市,未捆绑,966118,固定电话          ,521,254,1938,2450,244.90
0803,秀山电信公司,城市,未捆绑,966118,后付费包月小灵通  ,56,5,463,461,46.10
0803,秀山电信公司,城市,未捆绑,966118,后付费非包月小灵通,1,1,9,9,0.90
0803,秀山电信公司,乡村,未捆绑,118318,固定电话          ,13,3,96,96,9.60
0803,秀山电信公司,乡村,未捆绑,118318,预付费非包月小灵通,34,12,90,109,12.99
0803,秀山电信公司,乡村,未捆绑,966118,固定电话          ,230,98,664,861,86.10
0803,秀山电信公司,乡村,未捆绑,966118,预付费非包月小灵通,5,3,11,15,1.57
0803,彭水电信公司,城市,未捆绑,118318,后付费包月小灵通  ,1,1,1,2,0.20
0803,彭水电信公司,城市,未捆绑,966118,固定电话          ,38,17,379,415,10.50
0803,彭水电信公司,城市,未捆绑,966118,后付费非包月小灵通,22,2,153,158,15.80
0803,彭水电信公司,城市,未捆绑,966118,预付费包月小灵通  ,3,2,3,6,0.59
0803,彭水电信公司,城市,未捆绑,966118,预付费非包月小灵通,1,1,2,2,0.29
0803,彭水电信公司,乡村,未捆绑,118318,固定电话          ,6,3,30,36,3.60
0803,彭水电信公司,乡村,未捆绑,118318,预付费包月小灵通  ,34,5,187,198,0.00
0803,彭水电信公司,乡村,未捆绑,118318,预付费非包月小灵通,3,3,1,6,0.39
0803,彭水电信公司,乡村,未捆绑,966118,固定电话          ,327,96,1578,1832,183.20
0803,彭水电信公司,乡村,未捆绑,966118,后付费包月小灵通  ,1,1,7,7,0.70
0803,彭水电信公司,乡村,未捆绑,966118,预付费包月小灵通  ,106,11,1542,1528,1.08
0803,彭水电信公司,乡村,未捆绑,966118,预付费非包月小灵通,10,2,23,31,2.06
0803,綦江电信公司,城市,未捆绑,118318,固定电话          ,43,8,774,767,76.70
0803,綦江电信公司,城市,未捆绑,118318,后付费包月小灵通  ,50,3,321,321,32.10
0803,綦江电信公司,城市,未捆绑,118318,后付费非包月小灵通,10,7,32,46,4.60
0803,綦江电信公司,城市,未捆绑,96501,固定电话          ,1,1,0,2,0.20
0803,綦江电信公司,城市,未捆绑,966118,固定电话          ,380,29,2502,2719,271.90
0803,綦江电信公司,城市,未捆绑,966118,后付费非包月小灵通,27,6,147,140,13.60
0803,綦江电信公司,城市,未捆绑,966118,卡式电话          ,5,1,41,39,3.68
0803,綦江电信公司,乡村,未捆绑,118318,固定电话          ,6,2,26,30,3.00
0803,綦江电信公司,乡村,未捆绑,96501,固定电话          ,1,1,0,2,0.20
0803,綦江电信公司,乡村,未捆绑,966118,固定电话          ,162,76,563,710,71.00
0803,万盛电信公司,城市,未捆绑,118318,固定电话          ,3,1,1,6,0.60
0803,万盛电信公司,城市,未捆绑,118318,后付费非包月小灵通,10,5,59,69,6.90
0803,万盛电信公司,城市,未捆绑,966118,固定电话          ,100,66,67,229,22.80
0803,万盛电信公司,城市,未捆绑,966118,后付费非包月小灵通,4,2,7,11,1.10
0803,万盛电信公司,乡村,未捆绑,118318,固定电话          ,9,2,130,133,13.30
0803,万盛电信公司,乡村,未捆绑,118318,预付费包月小灵通  ,6,3,6,12,0.00
0803,万盛电信公司,乡村,未捆绑,966118,固定电话          ,100,41,534,637,63.70
0803,万盛电信公司,乡村,未捆绑,966118,预付费包月小灵通  ,12,2,117,116,0.00
0803,万盛电信公司,乡村,未捆绑,966118,预付费非包月小灵通,1,1,0,2,0.20
0803,铜梁电信公司,城市,未捆绑,118318,固定电话          ,22,3,371,375,37.50
0803,铜梁电信公司,城市,未捆绑,118318,后付费包月小灵通  ,38,3,149,156,8.20
0803,铜梁电信公司,城市,未捆绑,118318,后付费非包月小灵通,2,1,2,4,0.40
0803,铜梁电信公司,城市,未捆绑,118318,卡式电话          ,2,1,0,4,0.18
0803,铜梁电信公司,城市,未捆绑,966118,固定电话          ,43,37,69,99,14.20
0803,铜梁电信公司,城市,未捆绑,966118,后付费包月小灵通  ,24,3,299,306,9.40
0803,铜梁电信公司,城市,未捆绑,966118,卡式电话          ,43,16,173,174,16.40
0803,铜梁电信公司,乡村,未捆绑,118318,固定电话          ,3,1,0,6,0.60
0803,铜梁电信公司,乡村,未捆绑,118318,预付费非包月小灵通,1,1,0,2,0.00
0803,铜梁电信公司,乡村,未捆绑,966118,固定电话          ,280,98,1124,1301,130.10
0803,铜梁电信公司,乡村,未捆绑,966118,卡式电话          ,16,9,117,122,10.80
0803,铜梁电信公司,乡村,未捆绑,966118,预付费非包月小灵通,1,1,1,2,0.20
0803,梁平电信公司,城市,未捆绑,118318,固定电话          ,20,9,201,203,20.30
0803,梁平电信公司,城市,未捆绑,118318,后付费非包月小灵通,4,2,0,8,0.80
0803,梁平电信公司,城市,未捆绑,966118,固定电话          ,350,108,1459,1750,174.70
0803,梁平电信公司,城市,未捆绑,966118,后付费非包月小灵通,1,1,0,2,0.20
0803,梁平电信公司,城市,未捆绑,966118,卡式电话          ,29,12,111,115,11.16
0803,梁平电信公司,乡村,未捆绑,118318,固定电话          ,20,11,39,56,5.60
0803,梁平电信公司,乡村,未捆绑,966118,固定电话          ,1231,648,2866,4432,443.20
0803,梁平电信公司,乡村,未捆绑,966118,卡式电话          ,5,3,20,20,1.97
0803,武隆电信公司,城市,未捆绑,118318,固定电话          ,7,2,23,28,2.80
0803,武隆电信公司,城市,未捆绑,118318,后付费非包月小灵通,4,2,23,27,2.70
0803,武隆电信公司,城市,未捆绑,118318,预付费非包月小灵通,1,1,0,2,0.20
0803,武隆电信公司,城市,未捆绑,966118,固定电话          ,43,30,63,121,12.00
0803,武隆电信公司,乡村,未捆绑,118318,固定电话          ,5,2,4,10,1.00
0803,武隆电信公司,乡村,未捆绑,118318,后付费非包月小灵通,5,1,23,23,2.30
0803,武隆电信公司,乡村,未捆绑,118318,预付费包月小灵通  ,4,2,20,22,0.00
0803,武隆电信公司,乡村,未捆绑,966118,固定电话          ,73,27,215,261,26.10
0803,武隆电信公司,乡村,未捆绑,966118,后付费非包月小灵通,22,1,253,242,24.20
0803,武隆电信公司,乡村,未捆绑,966118,预付费包月小灵通  ,1,1,20,20,0.00
0803,垫江电信公司,城市,未捆绑,118318,固定电话          ,61,14,319,335,33.50
0803,垫江电信公司,城市,未捆绑,118318,后付费非包月小灵通,22,3,225,225,22.50
0803,垫江电信公司,城市,未捆绑,118318,预付费包月小灵通  ,1,1,18,18,0.00
0803,垫江电信公司,城市,未捆绑,118318,预付费非包月小灵通,3,1,3,7,0.69
0803,垫江电信公司,城市,未捆绑,11896555,卡式电话          ,1,1,0,2,0.17
0803,垫江电信公司,城市,未捆绑,966118,固定电话          ,51,42,93,172,17.20
0803,垫江电信公司,城市,未捆绑,966118,后付费包月小灵通  ,2,1,0,4,0.40
0803,垫江电信公司,城市,未捆绑,966118,后付费非包月小灵通,7,2,20,25,2.50
0803,垫江电信公司,乡村,未捆绑,118318,固定电话          ,17,7,49,68,6.80
0803,垫江电信公司,乡村,未捆绑,118318,预付费包月小灵通  ,15,3,21,36,0.00
0803,垫江电信公司,乡村,未捆绑,11896555,卡式电话          ,3,3,19,18,1.54
0803,垫江电信公司,乡村,未捆绑,966118,固定电话          ,1094,467,2705,3971,397.10
0803,垫江电信公司,乡村,未捆绑,966118,卡式电话          ,1,1,1,2,0.17
0803,黔江电信公司,城市,未捆绑,118318,固定电话          ,51,8,512,536,53.60
0803,黔江电信公司,城市,未捆绑,118318,后付费包月小灵通  ,7,2,37,45,4.50
0803,黔江电信公司,城市,未捆绑,118318,后付费非包月小灵通,6,4,10,14,1.55
0803,黔江电信公司,城市,未捆绑,118318,卡式电话          ,1,1,1,2,0.17
0803,黔江电信公司,城市,未捆绑,118318,预付费非包月小灵通,2,2,1,4,0.39
0803,黔江电信公司,城市,未捆绑,11896555,卡式电话          ,3,1,31,30,2.57
0803,黔江电信公司,城市,未捆绑,966118,固定电话          ,240,138,641,921,91.80
0803,黔江电信公司,城市,未捆绑,966118,后付费非包月小灵通,25,3,392,387,38.70
0803,黔江电信公司,城市,未捆绑,966118,卡式电话          ,6,3,22,24,2.15
0803,黔江电信公司,乡村,未捆绑,118318,固定电话          ,5,2,6,10,1.00
0803,黔江电信公司,乡村,未捆绑,118318,预付费包月小灵通  ,24,1,255,249,0.00
0803,黔江电信公司,乡村,未捆绑,118318,预付费非包月小灵通,5,4,3,10,0.98
0803,黔江电信公司,乡村,未捆绑,966118,固定电话          ,112,39,711,783,78.30
0803,黔江电信公司,乡村,未捆绑,966118,卡式电话          ,1,1,5,5,0.51
0803,黔江电信公司,乡村,未捆绑,966118,预付费非包月小灵通,3,3,7,10,0.98
0803,南坪局,城市,未捆绑,118318,固定电话          ,405,79,2842,2928,292.80
0803,南坪局,城市,未捆绑,118318,后付费包月小灵通  ,364,45,1671,1827,182.70
0803,南坪局,城市,未捆绑,118318,后付费非包月小灵通,19,14,81,93,9.30
0803,南坪局,城市,未捆绑,118318,卡式电话          ,26,8,258,263,16.11
0803,南坪局,城市,未捆绑,118318,预付费包月小灵通  ,409,44,2754,2789,273.32
0803,南坪局,城市,未捆绑,118318,预付费非包月小灵通,219,89,769,904,106.97
0803,南坪局,城市,未捆绑,11896555,卡式电话          ,6,3,40,49,1.90
0803,南坪局,城市,未捆绑,96501,固定电话          ,3,3,1,5,0.40
0803,南坪局,城市,未捆绑,966118,固定电话          ,2242,1207,6088,8957,895.70
0803,南坪局,城市,未捆绑,966118,后付费包月小灵通  ,282,34,3492,3453,345.30
0803,南坪局,城市,未捆绑,966118,后付费非包月小灵通,243,12,1624,1814,183.35
0803,南坪局,城市,未捆绑,966118,卡式电话          ,61,20,473,477,40.66
0803,南坪局,城市,未捆绑,966118,预付费包月小灵通  ,360,22,3756,3739,366.42
0803,南坪局,城市,未捆绑,966118,预付费非包月小灵通,101,48,514,557,66.89
0803,上清寺局,城市,未捆绑,118318,固定电话          ,637,98,3416,3690,369.00
0803,上清寺局,城市,未捆绑,118318,后付费包月小灵通  ,407,65,4527,4578,457.80
0803,上清寺局,城市,未捆绑,118318,后付费非包月小灵通,161,27,1021,1074,97.30
0803,上清寺局,城市,未捆绑,118318,卡式电话          ,28,7,292,295,24.65
0803,上清寺局,城市,未捆绑,118318,预付费包月小灵通  ,1136,72,2889,4041,396.02
0803,上清寺局,城市,未捆绑,118318,预付费非包月小灵通,123,43,350,412,46.60
0803,上清寺局,城市,未捆绑,11896555,卡式电话          ,30,24,67,122,3.42
0803,上清寺局,城市,未捆绑,96501,固定电话          ,5,5,2,10,1.00
0803,上清寺局,城市,未捆绑,966118,固定电话          ,1639,519,10289,11528,1150.70
0803,上清寺局,城市,未捆绑,966118,后付费包月小灵通  ,510,46,4570,4609,460.90
0803,上清寺局,城市,未捆绑,966118,后付费非包月小灵通,104,15,941,948,94.80
0803,上清寺局,城市,未捆绑,966118,卡式电话          ,54,22,462,476,40.24
0803,上清寺局,城市,未捆绑,966118,预付费包月小灵通  ,948,30,9426,9392,920.42
0803,上清寺局,城市,未捆绑,966118,预付费非包月小灵通,42,20,281,293,30.33
0803,观音桥局,城市,未捆绑,118318,固定电话          ,432,101,3699,3803,379.80
0803,观音桥局,城市,未捆绑,118318,后付费包月小灵通  ,405,76,2707,2774,277.40
0803,观音桥局,城市,未捆绑,118318,后付费非包月小灵通,230,31,2061,2141,214.20
0803,观音桥局,城市,未捆绑,118318,卡式电话          ,31,2,378,370,33.43
0803,观音桥局,城市,未捆绑,118318,预付费包月小灵通  ,341,54,2977,3040,297.92
0803,观音桥局,城市,未捆绑,118318,预付费非包月小灵通,246,57,1044,1137,119.51
0803,观音桥局,城市,未捆绑,11896555,卡式电话          ,6,2,29,36,1.39
0803,观音桥局,城市,未捆绑,96501,固定电话          ,13,10,5,26,2.60
0803,观音桥局,城市,未捆绑,966118,固定电话          ,3061,1842,7214,11599,1143.10
0803,观音桥局,城市,未捆绑,966118,后付费包月小灵通  ,471,49,4360,4384,438.40
0803,观音桥局,城市,未捆绑,966118,后付费非包月小灵通,91,16,785,781,78.10
0803,观音桥局,城市,未捆绑,966118,卡式电话          ,15,8,83,90,6.75
0803,观音桥局,城市,未捆绑,966118,预付费包月小灵通  ,428,29,4766,4814,472.21
0803,观音桥局,城市,未捆绑,966118,预付费非包月小灵通,102,26,722,745,74.97
0803,沙坪坝局,城市,未捆绑,118318,固定电话          ,501,87,13647,13791,1377.40
0803,沙坪坝局,城市,未捆绑,118318,后付费包月小灵通  ,334,67,3422,3530,353.00
0803,沙坪坝局,城市,未捆绑,118318,后付费非包月小灵通,102,28,624,655,64.00
0803,沙坪坝局,城市,未捆绑,118318,卡式电话          ,44,15,565,572,50.24
0803,沙坪坝局,城市,未捆绑,118318,预付费包月小灵通  ,566,68,3624,3793,371.71
0803,沙坪坝局,城市,未捆绑,118318,预付费非包月小灵通,184,65,663,768,88.05
0803,沙坪坝局,城市,未捆绑,11896555,卡式电话          ,8,2,14,25,0.78
0803,沙坪坝局,城市,未捆绑,96501,固定电话          ,8,8,4,16,1.60
0803,沙坪坝局,城市,未捆绑,966118,固定电话          ,2535,1407,6653,9841,949.58
0803,沙坪坝局,城市,未捆绑,966118,后付费包月小灵通  ,441,74,5684,5754,575.40
0803,沙坪坝局,城市,未捆绑,966118,后付费非包月小灵通,82,17,984,981,98.10
0803,沙坪坝局,城市,未捆绑,966118,卡式电话          ,412,75,3024,3014,276.85
0803,沙坪坝局,城市,未捆绑,966118,预付费包月小灵通  ,258,28,3272,3236,318.84
0803,沙坪坝局,城市,未捆绑,966118,预付费非包月小灵通,127,30,873,887,103.78
0803,沙坪坝局,乡村,未捆绑,966118,固定电话          ,2,2,0,4,0.40
0803,杨家坪局,城市,未捆绑,118318,固定电话          ,619,101,4814,4934,497.00
0803,杨家坪局,城市,未捆绑,118318,后付费包月小灵通  ,563,81,5749,5881,591.50
0803,杨家坪局,城市,未捆绑,118318,后付费非包月小灵通,136,26,696,739,74.35
0803,杨家坪局,城市,未捆绑,118318,卡式电话          ,8,6,39,43,3.69
0803,杨家坪局,城市,未捆绑,118318,预付费包月小灵通  ,577,57,4665,4705,461.09
0803,杨家坪局,城市,未捆绑,118318,预付费非包月小灵通,201,87,1066,1182,136.91
0803,杨家坪局,城市,未捆绑,11896555,卡式电话          ,8,6,13,26,1.12
0803,杨家坪局,城市,未捆绑,96501,固定电话          ,32,18,13,64,6.40
0803,杨家坪局,城市,未捆绑,966118,固定电话          ,2638,1450,8809,12148,1213.90
0803,杨家坪局,城市,未捆绑,966118,后付费包月小灵通  ,415,47,4127,4222,421.95
0803,杨家坪局,城市,未捆绑,966118,后付费非包月小灵通,40,16,519,523,52.30
0803,杨家坪局,城市,未捆绑,966118,卡式电话          ,23,15,256,266,17.34
0803,杨家坪局,城市,未捆绑,966118,预付费包月小灵通  ,169,34,1772,1768,173.26
0803,杨家坪局,城市,未捆绑,966118,预付费非包月小灵通,175,45,1373,1415,155.77
0803,北部新区局,城市,未捆绑,118318,固定电话          ,111,29,572,625,50.20
0803,北部新区局,城市,未捆绑,118318,后付费包月小灵通  ,34,7,272,279,27.90
0803,北部新区局,城市,未捆绑,118318,后付费非包月小灵通,19,3,96,105,10.50
0803,北部新区局,城市,未捆绑,118318,卡式电话          ,33,3,210,213,19.29
0803,北部新区局,城市,未捆绑,118318,预付费包月小灵通  ,81,9,569,586,57.43
0803,北部新区局,城市,未捆绑,118318,预付费非包月小灵通,24,6,60,86,8.72
0803,北部新区局,城市,未捆绑,11896555,卡式电话          ,1,1,3,4,0.17
0803,北部新区局,城市,未捆绑,966118,固定电话          ,1061,587,3108,4382,437.90
0803,北部新区局,城市,未捆绑,966118,后付费包月小灵通  ,54,3,511,521,52.10
0803,北部新区局,城市,未捆绑,966118,后付费非包月小灵通,9,1,4,18,1.80
0803,北部新区局,城市,未捆绑,966118,卡式电话          ,6,4,29,36,2.66
0803,北部新区局,城市,未捆绑,966118,预付费包月小灵通  ,57,6,702,694,68.01
0803,北部新区局,城市,未捆绑,966118,预付费非包月小灵通,152,2,458,578,56.64
0803,北部新区局,乡村,未捆绑,96501,固定电话          ,1,1,0,2,0.20
0803,北部新区局,乡村,未捆绑,966118,固定电话          ,19,2,89,105,10.50
0803,未归类分公司,城市,未捆绑,118318,后付费包月小灵通  ,85,1,545,541,54.10
0803,未归类分公司,城市,未捆绑,118318,后付费非包月小灵通,1,1,1,2,0.20
0803,未归类分公司,城市,未捆绑,118318,卡式电话          ,10,1,172,171,15.34
0803,未归类分公司,城市,未捆绑,118318,预付费非包月小灵通,75,9,824,824,0.79
0803,未归类分公司,城市,未捆绑,966118,后付费包月小灵通  ,10,1,229,229,22.90
0803,未归类分公司,城市,未捆绑,966118,卡式电话          ,17,6,57,69,5.76
0803,未归类分公司,城市,未捆绑,966118,预付费非包月小灵通,59,11,469,496,14.41
