账期,地区,城市_乡村,是否上网捆绑,用户类型,接入码,帐目类型,用户数,"话单
张数",通话时长,费用
0803,渝北电信公司,城市,未捆绑,预付费小灵通,12121,12121增值区间费,1,0,0,0.98
0803,渝北电信公司,城市,未捆绑,预付费小灵通,12121,12121增值区间费,534,1525,96847,50.81
0803,渝北电信公司,城市,未捆绑,预付费小灵通,12121,12121增值区间费,2,46,556,0
0803,渝北电信公司,城市,未捆绑,预付费小灵通,12121,12121增值区间费,4,90,5405,0
0803,渝北电信公司,城市,未捆绑,预付费小灵通,12121,12121增值区间费,15,69,28952,1.76
0803,渝北电信公司,城市,未捆绑,预付费小灵通,12121,12121增值区间费,42,126,11724,23.91
0803,渝北电信公司,城市,未捆绑,预付费小灵通,12121,12121增值区间费,106,821,54858,30.33
0803,渝北电信公司,城市,未捆绑,预付费小灵通,12121,12121增值区间费,1,1,12,0
0803,渝北电信公司,城市,未捆绑,预付费小灵通,12121,12121增值区间费,1,1,3,0
0803,渝北电信公司,城市,未捆绑,预付费小灵通,12121,12121增值区间费,60,1396,551584,1.27
0803,渝北电信公司,城市,未捆绑,预付费小灵通,12121,12121增值区间费,56,1383,982568,5.29
0803,渝北电信公司,城市,未捆绑,预付费小灵通,12121,12121增值区间费,41,137,9211,3.63
0803,渝北电信公司,城市,未捆绑,预付费小灵通,12121,12121增值区间费,71,143,8923,12.63
0803,渝北电信公司,城市,未捆绑,预付费小灵通,12121,12121增值区间费,2,2,100,0.2
0803,渝北电信公司,城市,未捆绑,预付费小灵通,12121,12121增值区间费,28,86,5010,1.67
0803,渝北电信公司,乡村,未捆绑,预付费小灵通,12121,12121增值区间费,13,0,0,8.33
0803,渝北电信公司,乡村,未捆绑,预付费小灵通,12121,12121增值区间费,5527,18735,1295024,77.15
0803,渝北电信公司,乡村,未捆绑,预付费小灵通,12121,12121增值区间费,8,210,13530,0.59
0803,渝北电信公司,乡村,未捆绑,预付费小灵通,12121,12121增值区间费,70,251,14606,0.88
0803,渝北电信公司,乡村,未捆绑,预付费小灵通,12121,12121增值区间费,414,1808,462852,7.25
0803,渝北电信公司,乡村,未捆绑,预付费小灵通,12121,12121增值区间费,421,1273,301819,81.1
0803,渝北电信公司,乡村,未捆绑,预付费小灵通,12121,12121增值区间费,512,4377,424187,29.11
0803,渝北电信公司,乡村,未捆绑,预付费小灵通,12121,12121增值区间费,16,32,4188,0.2
0803,渝北电信公司,乡村,未捆绑,预付费小灵通,12121,12121增值区间费,6,7,163,0
0803,渝北电信公司,乡村,未捆绑,预付费小灵通,12121,12121增值区间费,982,17985,9426908,56.69
0803,渝北电信公司,乡村,未捆绑,预付费小灵通,12121,12121增值区间费,1110,20760,14856212,63.85
0803,渝北电信公司,乡村,未捆绑,预付费小灵通,12121,12121增值区间费,8,15,627,0
0803,渝北电信公司,乡村,未捆绑,预付费小灵通,12121,12121增值区间费,208,774,55837,12.01
0803,渝北电信公司,乡村,未捆绑,预付费小灵通,12121,12121增值区间费,184,333,19663,2.84
0803,渝北电信公司,乡村,未捆绑,预付费小灵通,12121,12121增值区间费,18,115,9484,0.98
0803,渝北电信公司,乡村,未捆绑,预付费小灵通,12121,12121增值区间费,326,1347,91395,5.39
0803,渝北电信公司,乡村,未捆绑,预付费小灵通,12121,12121增值区间费,11,24,2908,0
0803,渝北电信公司,乡村,未捆绑,预付费小灵通,12121,12121增值区间费,5,5,121,0
0803,渝北电信公司,乡村,未捆绑,预付费小灵通,12121,12121增值区间费,9,60,5395,63.21
0803,璧山电信公司,城市,未捆绑,预付费小灵通,12121,12121增值区间费,19,25,1204,3.72
0803,璧山电信公司,城市,未捆绑,预付费小灵通,12121,12121增值区间费,1,2,69,0.39
0803,璧山电信公司,城市,未捆绑,预付费小灵通,12121,12121增值区间费,1,1,334,0
0803,璧山电信公司,城市,未捆绑,预付费小灵通,12121,12121增值区间费,2,6,733,1.67
0803,璧山电信公司,城市,未捆绑,预付费小灵通,12121,12121增值区间费,4,9,227,1.37
0803,璧山电信公司,城市,未捆绑,预付费小灵通,12121,12121增值区间费,1,4,1659,2.74
0803,璧山电信公司,城市,未捆绑,预付费小灵通,12121,12121增值区间费,2,3,57,0.59
0803,璧山电信公司,城市,未捆绑,预付费小灵通,12121,12121增值区间费,5,10,507,4.12
0803,璧山电信公司,乡村,未捆绑,预付费小灵通,12121,12121增值区间费,1,0,0,0.49
0803,璧山电信公司,乡村,未捆绑,预付费小灵通,12121,12121增值区间费,124,270,17790,15.97
0803,璧山电信公司,乡村,未捆绑,预付费小灵通,12121,12121增值区间费,3,5,668,0.2
0803,璧山电信公司,乡村,未捆绑,预付费小灵通,12121,12121增值区间费,11,28,7951,0.59
0803,璧山电信公司,乡村,未捆绑,预付费小灵通,168,168台增值市话费,6,10,707,1.18
0803,璧山电信公司,乡村,未捆绑,预付费小灵通,118318,118318电话QQ增值市话费,21,248,142279,12.05
0803,璧山电信公司,乡村,未捆绑,预付费小灵通,966118,966118电话QQ增值市话费,8,84,19734,6.66
0803,璧山电信公司,乡村,未捆绑,预付费小灵通,950901,950901灵通秘书增值市话费,24,37,1875,3.14
0803,璧山电信公司,乡村,未捆绑,预付费小灵通,968139,968139增值市话费,5,36,2505,5.59
0803,璧山电信公司,乡村,未捆绑,预付费小灵通,118114,118114增值市话费,11,14,747,0.59
0803,璧山电信公司,乡村,未捆绑,预付费小灵通,12121,12121增值区间费,27,127,4771,22.83
0803,江津电信公司,城市,未捆绑,预付费小灵通,114,114增值市话费,26,43,2667,8.04
0803,江津电信公司,城市,未捆绑,预付费小灵通,168,168台增值市话费,2,2,138,0.39
0803,江津电信公司,城市,未捆绑,预付费小灵通,118318,118318电话QQ增值市话费,2,2,125,0.39
0803,江津电信公司,城市,未捆绑,预付费小灵通,966118,966118电话QQ增值市话费,2,2,6,0.39
0803,江津电信公司,城市,未捆绑,预付费小灵通,950901,950901灵通秘书增值市话费,3,3,81,0.78
0803,江津电信公司,城市,未捆绑,预付费小灵通,968139,968139增值市话费,1,1,12,0.2
0803,江津电信公司,城市,未捆绑,预付费小灵通,118321,118321增值市话费（多方通话）,1,4,169,2.45
0803,江津,城市,未捆绑,预付费小灵通,12121,12121增值区间费,4,7,195,1.76
0803,江津电信公司,乡村,未捆绑,预付费小灵通,114,114增值市话费,20,46,2691,1.76
0803,江津电信公司,乡村,未捆绑,预付费小灵通,118100,118100增值市话费,3,26,6238,3.92
0803,江津电信公司,乡村,未捆绑,预付费小灵通,168,168台增值市话费,1,1,8,0.2
0803,江津电信公司,乡村,未捆绑,预付费小灵通,118318,118318电话QQ增值市话费,1,6,4779,0
0803,江津电信公司,乡村,未捆绑,预付费小灵通,966118,966118电话QQ增值市话费,1,41,29238,0
0803,江津电信公司,乡村,未捆绑,预付费小灵通,96509,国利增值市话费,1,2,72,0
0803,江津电信公司,乡村,未捆绑,预付费小灵通,950901,950901灵通秘书增值市话费,2,4,98,0.78
0803,江津电信公司,乡村,未捆绑,预付费小灵通,118114,118114增值市话费,1,1,41,0
0803,江津电信公司,乡村,未捆绑,预付费小灵通,12121,12121增值区间费,2,8,186,1.57
0803,合川电信公司,城市,未捆绑,预付费小灵通,114,114增值市话费,33,57,4079,12.1
0803,合川电信公司,城市,未捆绑,预付费小灵通,168,168台增值市话费,1,1,33,0.2
0803,合川电信公司,城市,未捆绑,预付费小灵通,950901,950901灵通秘书增值市话费,22,38,1468,8.33
0803,合川电信公司,城市,未捆绑,预付费小灵通,12121,12121增值区间费,4,4,105,1.08
0803,合川电信公司,城市,未捆绑,预付费小灵通,12121,12121增值区间费,11,26,938,8.23
0803,合川电信公司,乡村,未捆绑,预付费小灵通,12121,12121增值区间费,143,293,19362,12.05
0803,合川电信公司,乡村,未捆绑,预付费小灵通,12121,12121增值区间费,1,13,501,0
0803,合川电信公司,乡村,未捆绑,预付费小灵通,96121,96121台增值市话费,3,4,246,0.59
0803,合川电信公司,乡村,未捆绑,预付费小灵通,118100,118100增值市话费,9,35,8387,0.64
0803,合川电信公司,乡村,未捆绑,预付费小灵通,168,168台增值市话费,6,12,860,0
0803,合川电信公司,乡村,未捆绑,预付费小灵通,118311,118311增值市话费,2,5,330,0.29
0803,合川电信公司,乡村,未捆绑,预付费小灵通,966111,966111增值市话费,2,2,80,0.2
0803,合川电信公司,乡村,未捆绑,预付费小灵通,118318,118318电话QQ增值市话费,12,340,92495,2.35
0803,合川电信公司,乡村,未捆绑,预付费小灵通,966118,966118电话QQ增值市话费,6,74,24391,1.27
0803,合川电信公司,乡村,未捆绑,预付费小灵通,950901,950901灵通秘书增值市话费,21,35,1114,4.61
0803,合川电信公司,乡村,未捆绑,预付费小灵通,968139,968139增值市话费,3,67,23595,2.35
0803,合川电信公司,乡村,未捆绑,预付费小灵通,118114,118114增值市话费,13,20,1713,0.31
0803,合川电信公司,乡村,未捆绑,预付费小灵通,118313,118313语音信箱,1,3,125,0
0803,合川电信公司,乡村,未捆绑,预付费小灵通,118321,118321增值市话费（多方通话）,1,2,25,0.98
0803,合川,乡村,未捆绑,预付费小灵通,12121,12121增值区间费,23,121,4756,14.41
0803,北碚电信公司,城市,未捆绑,预付费小灵通,,其他声讯费,1,0,0,0.98
0803,北碚电信公司,城市,未捆绑,预付费小灵通,114,114增值市话费,526,1647,107548,16.86
0803,北碚电信公司,城市,未捆绑,预付费小灵通,12117,12117增值市话费,3,43,2082,0
0803,北碚电信公司,城市,未捆绑,预付费小灵通,96121,96121台增值市话费,7,17,402,0.2
0803,北碚电信公司,城市,未捆绑,预付费小灵通,12121,12121增值区间费,17,93,33157,1.18
0803,北碚电信公司,城市,未捆绑,预付费小灵通,12121,12121增值区间费,52,105,18749,9.9
0803,北碚,城市,未捆绑,预付费小灵通,12121,12121增值区间费,93,838,64122,13.82
0803,北碚电信公司,城市,未捆绑,预付费小灵通,12121,12121增值区间费,1,8,550,0
0803,北碚电信公司,城市,未捆绑,预付费小灵通,12121,12121增值区间费,1,1,278,0
0803,北碚电信公司,城市,未捆绑,预付费小灵通,12121,12121增值区间费,122,2830,1492025,4.41
0803,北碚电信公司,城市,未捆绑,预付费小灵通,12121,12121增值区间费,117,3151,2423351,4.02
0803,北碚电信公司,城市,未捆绑,预付费小灵通,12121,12121增值区间费,28,126,9582,0.98
0803,北碚电信公司,城市,未捆绑,预付费小灵通,12121,12121增值区间费,79,137,6996,12.01
0803,北碚电信公司,城市,未捆绑,预付费小灵通,12121,12121增值区间费,32,83,5117,0.88
0803,北碚电信公司,城市,未捆绑,预付费小灵通,12121,12121增值区间费,1,3,632,0
0803,北碚电信公司,城市,未捆绑,预付费小灵通,12121,12121增值区间费,1,2,19,0.98
0803,北碚电信公司,乡村,未捆绑,预付费小灵通,12121,12121增值区间费,5,0,0,3.43
0803,北碚电信公司,乡村,未捆绑,预付费小灵通,12121,12121增值区间费,2452,8296,551469,33.12
0803,北碚电信公司,乡村,未捆绑,预付费小灵通,12121,12121增值区间费,6,108,8126,0
0803,北碚电信公司,乡村,未捆绑,预付费小灵通,12121,12121增值区间费,25,75,3343,0.59
0803,北碚电信公司,乡村,未捆绑,预付费小灵通,12121,12121增值区间费,1,3,34,0
0803,北碚电信公司,乡村,未捆绑,预付费小灵通,12121,12121增值区间费,130,650,207753,12.99
0803,北碚电信公司,乡村,未捆绑,预付费小灵通,12121,12121增值区间费,162,398,43368,29.99
0803,北碚电信公司,乡村,未捆绑,预付费小灵通,12121,12121增值区间费,238,2264,208897,13.24
0803,北碚电信公司,乡村,未捆绑,预付费小灵通,12121,12121增值区间费,6,13,1746,2.06
0803,北碚电信公司,乡村,未捆绑,预付费小灵通,12121,12121增值区间费,3,6,157,0
0803,北碚电信公司,乡村,未捆绑,预付费小灵通,12121,12121增值区间费,459,7674,4933841,19.21
0803,北碚电信公司,乡村,未捆绑,预付费小灵通,12121,12121增值区间费,512,10264,7157874,38.12
0803,北碚电信公司,乡村,未捆绑,预付费小灵通,12121,12121增值区间费,6,9,128,0
0803,北碚电信公司,乡村,未捆绑,预付费小灵通,12121,12121增值区间费,106,368,32505,4.12
0803,北碚电信公司,乡村,未捆绑,预付费小灵通,12121,12121增值区间费,139,322,26279,4.61
0803,北碚电信公司,乡村,未捆绑,预付费小灵通,12121,12121增值区间费,12,48,2494,0.59
0803,北碚电信公司,乡村,未捆绑,预付费小灵通,12121,12121增值区间费,167,911,58466,1.96
0803,北碚电信公司,乡村,未捆绑,预付费小灵通,12121,12121增值区间费,3,4,628,0
0803,北碚电信公司,乡村,未捆绑,预付费小灵通,12121,12121增值区间费,2,4,371,3.92
0803,巴南电信公司,城市,未捆绑,预付费小灵通,12121,12121增值区间费,932,2953,207710,48.15
0803,巴南电信公司,城市,未捆绑,预付费小灵通,12121,12121增值区间费,7,116,3289,3.92
0803,巴南电信公司,城市,未捆绑,预付费小灵通,12121,12121增值区间费,9,39,2024,0
0803,巴南电信公司,城市,未捆绑,预付费小灵通,12121,12121增值区间费,43,203,96590,0.39
0803,巴南电信公司,城市,未捆绑,预付费小灵通,12121,12121增值区间费,65,192,22892,25.68
0803,巴南电信公司,城市,未捆绑,预付费小灵通,12121,12121增值区间费,100,884,67815,21.51
0803,巴南电信公司,城市,未捆绑,预付费小灵通,12121,12121增值区间费,2,3,41,0.2
0803,巴南电信公司,城市,未捆绑,预付费小灵通,12121,12121增值区间费,1,2,28,0.39
0803,巴南电信公司,城市,未捆绑,预付费小灵通,12121,12121增值区间费,179,2993,1719316,0.49
0803,巴南电信公司,城市,未捆绑,预付费小灵通,12121,12121增值区间费,168,3731,2390567,22.15
0803,巴南电信公司,城市,未捆绑,预付费小灵通,12121,12121增值区间费,1,1,29,0
0803,巴南电信公司,城市,未捆绑,预付费小灵通,12121,12121增值区间费,69,208,16958,1.96
0803,巴南电信公司,城市,未捆绑,预付费小灵通,12121,12121增值区间费,119,248,17110,12.74
0803,巴南电信公司,城市,未捆绑,预付费小灵通,12121,12121增值区间费,3,7,153,0.88
0803,巴南电信公司,城市,未捆绑,预付费小灵通,12121,12121增值区间费,57,147,9848,2.16
0803,巴南电信公司,城市,未捆绑,预付费小灵通,66004,66004增值市话费,2,3,181,0.39
0803,巴南电信公司,城市,未捆绑,预付费小灵通,118321,118321增值市话费（多方通话）,1,1,18,0.49
0803,巴南电信公司,乡村,未捆绑,预付费小灵通,,其他声讯费,10,0,0,5.88
0803,巴南电信公司,乡村,未捆绑,预付费小灵通,114,114增值市话费,1378,3902,263231,80.68
0803,巴南电信公司,乡村,未捆绑,预付费小灵通,12117,12117增值市话费,8,36,5254,0.59
0803,巴南电信公司,乡村,未捆绑,预付费小灵通,96121,96121台增值市话费,19,55,2083,1.18
0803,巴南电信公司,乡村,未捆绑,预付费小灵通,118100,118100增值市话费,103,362,118946,14.65
0803,巴南电信公司,乡村,未捆绑,预付费小灵通,168,168台增值市话费,112,266,45814,29.6
0803,巴南电信公司,乡村,未捆绑,预付费小灵通,12121,12121增值市话费,145,1197,96299,18.3
0803,巴南电信公司,乡村,未捆绑,预付费小灵通,118311,118311增值市话费,3,3,268,0.59
0803,巴南电信公司,乡村,未捆绑,预付费小灵通,12121,12121增值区间费,1,4,234,0.78
0803,巴南电信公司,乡村,未捆绑,预付费小灵通,12121,12121增值区间费,1,1,14,0.2
0803,巴南电信公司,乡村,未捆绑,预付费小灵通,12121,12121增值区间费,201,2553,1648285,29.11
0803,巴南电信公司,乡村,未捆绑,预付费小灵通,12121,12121增值区间费,242,4038,3053006,38.91
0803,巴南电信公司,乡村,未捆绑,预付费小灵通,96509,国利增值市话费,5,7,273,0.39
0803,巴南电信公司,乡村,未捆绑,预付费小灵通,96899,96899增值市话费,97,407,27531,11.17
0803,巴南电信公司,乡村,未捆绑,预付费小灵通,950901,950901灵通秘书增值市话费,94,219,13212,11.81
0803,巴南电信公司,乡村,未捆绑,预付费小灵通,968139,968139增值市话费,8,66,5105,0
0803,巴南电信公司,乡村,未捆绑,预付费小灵通,118114,118114增值市话费,80,167,7978,11.07
0803,巴南电信公司,乡村,未捆绑,预付费小灵通,66004,66004增值市话费,2,8,203,0
0803,巴南电信公司,乡村,未捆绑,预付费小灵通,118321,118321增值市话费（多方通话）,24,121,16702,173.95
0803,永川电信公司,城市,未捆绑,预付费小灵通,114,114增值市话费,18,26,1586,5.68
0803,永川电信公司,城市,未捆绑,预付费小灵通,118318,118318电话QQ增值市话费,1,97,37575,0
0803,永川电信公司,城市,未捆绑,预付费小灵通,966118,966118电话QQ增值市话费,2,6,305,0.88
0803,永川电信公司,城市,未捆绑,预付费小灵通,950901,950901灵通秘书增值市话费,5,6,70,1.57
0803,永川电信公司,城市,未捆绑,预付费小灵通,118114,118114增值市话费,1,1,16,0.29
0803,永川电信,城市,未捆绑,预付费小灵通,12121,12121增值区间费,8,75,3017,24.7
0803,永川电信公司,乡村,未捆绑,预付费小灵通,114,114增值市话费,42,84,5311,11.37
0803,永川电信公司,乡村,未捆绑,预付费小灵通,168,168台增值市话费,2,2,189,0
0803,永川电信公司,乡村,未捆绑,预付费小灵通,118318,118318电话QQ增值市话费,1,9,4845,0
0803,永川电信公司,乡村,未捆绑,预付费小灵通,96509,国利增值市话费,1,1,13,0
0803,永川电信公司,乡村,未捆绑,预付费小灵通,968139,968139增值市话费,1,1,90,0.29
0803,永川电信公司,乡村,未捆绑,预付费小灵通,118114,118114增值市话费,2,5,218,0
0803,永川电信公司,乡村,未捆绑,预付费小灵通,12121,12121增值区间费,6,43,1535,6.47
0803,万州电信公司,城市,未捆绑,预付费小灵通,114,114增值市话费,169,393,19492,45.28
0803,万州电信公司,城市,未捆绑,预付费小灵通,96121,96121台增值市话费,1,6,166,0
0803,万州电信公司,城市,未捆绑,预付费小灵通,118100,118100增值市话费,7,40,23656,3.14
0803,万州电信公司,城市,未捆绑,预付费小灵通,168,168台增值市话费,12,48,3674,9.9
0803,万州电信公司,城市,未捆绑,预付费小灵通,118318,118318电话QQ增值市话费,3,21,7435,0.59
0803,万州电信公司,城市,未捆绑,预付费小灵通,966118,966118电话QQ增值市话费,1,1,46,0.2
0803,万州电信公司,城市,未捆绑,预付费小灵通,96509,国利增值市话费,1,1,11,0
0803,万州电信公司,城市,未捆绑,预付费小灵通,950901,950901灵通秘书增值市话费,25,35,1389,5.98
0803,万州电信公司,城市,未捆绑,预付费小灵通,118114,118114增值市话费,5,17,836,0.8
0803,万州,城市,未捆绑,预付费小灵通,12121,12121增值区间费,32,195,14384,24.11
0803,万州电信公司,乡村,未捆绑,预付费小灵通,,其他声讯费,1,0,0,0.49
0803,万州电信公司,乡村,未捆绑,预付费小灵通,114,114增值市话费,259,479,25210,62.43
0803,万州电信公司,乡村,未捆绑,预付费小灵通,96121,96121台增值市话费,2,14,686,2.74
0803,万州电信公司,乡村,未捆绑,预付费小灵通,118100,118100增值市话费,12,47,5949,12.25
0803,万州电信公司,乡村,未捆绑,预付费小灵通,168,168台增值市话费,18,61,4521,12.29
0803,万州电信公司,乡村,未捆绑,预付费小灵通,118318,118318电话QQ增值市话费,5,6,2530,2.35
0803,万州电信公司,乡村,未捆绑,预付费小灵通,966118,966118电话QQ增值市话费,3,8,5122,0.59
0803,万州电信公司,乡村,未捆绑,预付费小灵通,96509,国利增值市话费,3,3,29,0.59
0803,万州电信公司,乡村,未捆绑,预付费小灵通,12121,12121增值区间费,20,25,648,4.51
0803,万州电信公司,乡村,未捆绑,预付费小灵通,12121,12121增值区间费,4,14,1581,3.14
0803,万州电信公司,乡村,未捆绑,预付费小灵通,12121,12121增值区间费,15,21,450,3.92
0803,万州电信公司,乡村,未捆绑,预付费小灵通,12121,12121增值区间费,45,241,11483,44.88
0803,开县电信公司,城市,未捆绑,预付费小灵通,114,114增值市话费,4,7,257,1.96
0803,开县电信公司,城市,未捆绑,预付费小灵通,950901,950901灵通秘书增值市话费,4,5,215,1.18
0803,开县电信公司,城市,未捆绑,预付费小灵通,12121,12121增值区间费,2,32,1227,10
0803,开县电信公司,乡村,未捆绑,预付费小灵通,114,114增值市话费,72,122,6629,5.19
0803,开县电信公司,乡村,未捆绑,预付费小灵通,12117,12117增值市话费,1,43,2548,9.8
0803,开县电信公司,乡村,未捆绑,预付费小灵通,96121,96121台增值市话费,2,5,162,0.2
0803,开县电信公司,乡村,未捆绑,预付费小灵通,118100,118100增值市话费,8,50,18974,1.96
0803,开县电信公司,乡村,未捆绑,预付费小灵通,168,168台增值市话费,6,10,692,1.37
0803,开县电信公司,乡村,未捆绑,预付费小灵通,96599,828台增值市话费,1,1,3,0
0803,开县电信公司,乡村,未捆绑,预付费小灵通,118318,118318电话QQ增值市话费,1,1,12,0.2
0803,开县电信公司,乡村,未捆绑,预付费小灵通,966118,966118电话QQ增值市话费,1,1,139,0.2
0803,开县电信公司,乡村,未捆绑,预付费小灵通,96509,国利增值市话费,1,1,2,0
0803,开县电信公司,乡村,未捆绑,预付费小灵通,950901,950901灵通秘书增值市话费,2,4,208,0
0803,开县电信公司,乡村,未捆绑,预付费小灵通,12121,12121增值区间费,1,9,1048,0.59
0803,开县电信公司,乡村,未捆绑,预付费小灵通,12121,12121增值区间费,18,38,1362,4.02
0803,开县电信公司,乡村,未捆绑,预付费小灵通,12121,12121增值区间费,28,179,6196,7.99
0803,涪陵电信公司,城市,未捆绑,预付费小灵通,12121,12121增值区间费,31,58,4093,11.86
0803,涪陵电信公司,城市,未捆绑,预付费小灵通,12121,12121增值区间费,2,9,494,1.76
0803,涪陵电信公司,城市,未捆绑,预付费小灵通,12121,12121增值区间费,1,1,11,0.2
0803,涪陵电信公司,城市,未捆绑,预付费小灵通,12121,12121增值区间费,1,1,177,0.2
0803,涪陵电信公司,城市,未捆绑,预付费小灵通,12121,12121增值区间费,3,5,44,0.59
0803,涪陵电信公司,城市,未捆绑,预付费小灵通,12121,12121增值区间费,4,7,350,1.37
0803,涪陵电信公司,城市,未捆绑,预付费小灵通,12121,12121增值区间费,7,54,1890,10.58
0803,涪陵电信公司,乡村,未捆绑,预付费小灵通,12121,12121增值区间费,58,124,7688,4.41
0803,涪陵电信公司,乡村,未捆绑,预付费小灵通,12121,12121增值区间费,2,6,500,0.39
0803,涪陵电信公司,乡村,未捆绑,预付费小灵通,12121,12121增值区间费,4,29,20618,0
0803,涪陵电信公司,乡村,未捆绑,预付费小灵通,12121,12121增值区间费,2,12,4168,0
0803,涪陵电信公司,乡村,未捆绑,预付费小灵通,12121,12121增值区间费,1,2,35,0
0803,涪陵电信公司,乡村,未捆绑,预付费小灵通,12121,12121增值区间费,9,12,520,0.78
0803,涪陵电信公司,乡村,未捆绑,预付费小灵通,12121,12121增值区间费,1,1,27,0
0803,涪陵电信公司,乡村,未捆绑,预付费小灵通,12121,12121增值区间费,8,14,650,0.59
0803,涪陵电信公司,乡村,未捆绑,预付费小灵通,12121,12121增值区间费,3,15,586,2.94
0803,石柱电信公司,城市,未捆绑,预付费小灵通,12121,12121增值区间费,39,65,3460,10.98
0803,石柱电信公司,城市,未捆绑,预付费小灵通,12121,12121增值区间费,1,23,2238,0
0803,石柱电信公司,城市,未捆绑,预付费小灵通,12121,12121增值区间费,2,4,435,1.08
0803,石柱电信公司,城市,未捆绑,预付费小灵通,12121,12121增值区间费,1,1,390,0.69
0803,石柱电信公司,城市,未捆绑,预付费小灵通,12121,12121增值区间费,1,5,154,0.98
0803,石柱电信公司,城市,未捆绑,预付费小灵通,12121,12121增值区间费,24,44,1733,8.23
0803,石柱电信公司,城市,未捆绑,预付费小灵通,12121,12121增值区间费,1,11,761,0
0803,石柱电信公司,城市,未捆绑,预付费小灵通,12121,12121增值区间费,6,7,262,0.88
0803,石柱电信公司,城市,未捆绑,预付费小灵通,12121,12121增值区间费,11,26,1217,7.55
0803,石柱电信公司,乡村,未捆绑,预付费小灵通,12121,12121增值区间费,54,181,6600,28.52
0803,石柱电信公司,乡村,未捆绑,预付费小灵通,12121,12121增值区间费,2,5,203,0.98
0803,石柱电信公司,乡村,未捆绑,预付费小灵通,12121,12121增值区间费,11,17,2675,4.9
0803,石柱电信公司,乡村,未捆绑,预付费小灵通,12121,12121增值区间费,2,5,453,0.98
0803,石柱电信公司,乡村,未捆绑,预付费小灵通,12121,12121增值区间费,1,1,10,0.1
0803,石柱电信公司,乡村,未捆绑,预付费小灵通,12121,12121增值区间费,8,31,2798,7.74
0803,石柱电信公司,乡村,未捆绑,预付费小灵通,12121,12121增值区间费,3,11,2118,3.72
0803,石柱电信公司,乡村,未捆绑,预付费小灵通,12121,12121增值区间费,8,22,1133,3.63
0803,石柱电信公司,乡村,未捆绑,预付费小灵通,12121,12121增值区间费,11,23,437,3.53
0803,石柱电信公司,乡村,未捆绑,预付费小灵通,12121,12121增值区间费,9,80,6158,20.58
0803,长寿电信公司,城市,未捆绑,预付费小灵通,12121,12121增值区间费,4,6,287,1.27
0803,长寿电信公司,城市,未捆绑,预付费小灵通,12121,12121增值区间费,1,1,87,0
0803,长寿电信公司,城市,未捆绑,预付费小灵通,12121,12121增值区间费,2,4,764,1.91
0803,长寿电信公司,城市,未捆绑,预付费小灵通,12121,12121增值区间费,2,3,21,0.88
0803,长寿电信公司,城市,未捆绑,预付费小灵通,12121,12121增值区间费,2,4,211,1.18
0803,长寿电信公司,乡村,未捆绑,预付费小灵通,12121,12121增值区间费,44,87,4807,9.16
0803,长寿电信公司,乡村,未捆绑,预付费小灵通,12121,12121增值区间费,3,8,1315,0
0803,长寿电信公司,乡村,未捆绑,预付费小灵通,12121,12121增值区间费,2,4,136,0.39
0803,长寿电信公司,乡村,未捆绑,预付费小灵通,118318,118318电话QQ增值市话费,6,41,58298,0.98
0803,长寿电信公司,乡村,未捆绑,预付费小灵通,950901,950901灵通秘书增值市话费,1,1,27,0.1
0803,长寿电信公司,乡村,未捆绑,预付费小灵通,118114,118114增值市话费,2,2,92,0.39
0803,长寿电信公司,乡村,未捆绑,预付费小灵通,12121,12121增值区间费,4,9,858,3.14
0803,大足电信公司,城市,未捆绑,预付费小灵通,12121,12121增值区间费,7,12,6471,17.2
0803,大足电信公司,城市,未捆绑,预付费小灵通,12121,12121增值区间费,1,6,1102,2.65
0803,大足电信公司,城市,未捆绑,预付费小灵通,12121,12121增值区间费,7,9,354,2.65
0803,大足电信公司,城市,未捆绑,预付费小灵通,12121,12121增值区间费,3,29,1053,9.11
0803,大足电信公司,乡村,未捆绑,预付费小灵通,114,114增值市话费,8,15,914,1.57
0803,大足电信公司,乡村,未捆绑,预付费小灵通,12117,12117增值市话费,1,1,16,0.2
0803,大足电信公司,乡村,未捆绑,预付费小灵通,96121,96121台增值市话费,1,1,19,0
0803,大足电信公司,乡村,未捆绑,预付费小灵通,118100,118100增值市话费,2,4,322,1.08
0803,大足电信公司,乡村,未捆绑,预付费小灵通,118318,118318电话QQ增值市话费,2,35,18300,0
0803,大足电信公司,乡村,未捆绑,预付费小灵通,966118,966118电话QQ增值市话费,1,70,53308,0
0803,大足电信公司,乡村,未捆绑,预付费小灵通,950901,950901灵通秘书增值市话费,1,7,369,0.29
0803,大足电信公司,乡村,未捆绑,预付费小灵通,118114,118114增值市话费,2,3,207,0.2
0803,大足,乡村,未捆绑,预付费小灵通,12121,12121增值区间费,4,27,873,0.78
0803,双桥电信公司,城市,未捆绑,预付费小灵通,114,114增值市话费,1,2,49,0.59
0803,双桥电信公司,城市,未捆绑,预付费小灵通,950901,950901灵通秘书增值市话费,4,4,74,1.18
0803,双桥电信公司,乡村,未捆绑,预付费小灵通,114,114增值市话费,4,12,599,0.59
0803,双桥电信公司,乡村,未捆绑,预付费小灵通,96509,国利增值市话费,1,1,14,0
0803,双桥电信公司,乡村,未捆绑,预付费小灵通,950901,950901灵通秘书增值市话费,1,1,28,0.29
0803,潼南电信公司,乡村,未捆绑,预付费小灵通,114,114增值市话费,14,34,1947,1.18
0803,潼南电信公司,乡村,未捆绑,预付费小灵通,118100,118100增值市话费,3,14,2884,5.39
0803,潼南电信公司,乡村,未捆绑,预付费小灵通,168,168台增值市话费,1,1,10,0.2
0803,潼南电信公司,乡村,未捆绑,预付费小灵通,118318,118318电话QQ增值市话费,1,1,6,0
0803,潼南电信公司,乡村,未捆绑,预付费小灵通,966118,966118电话QQ增值市话费,3,63,51282,0
0803,潼南电信公司,乡村,未捆绑,预付费小灵通,96509,国利增值市话费,1,1,88,0.2
0803,潼南电信公司,乡村,未捆绑,预付费小灵通,950901,950901灵通秘书增值市话费,6,8,385,0.2
0803,潼南电信公司,乡村,未捆绑,预付费小灵通,12121,12121增值区间费,1,2,458,0.88
0803,潼南电信公司,乡村,未捆绑,预付费小灵通,12121,12121增值区间费,2,2,31,0.2
0803,潼南电信公司,乡村,未捆绑,预付费小灵通,12121,12121增值区间费,1,1,26,0.2
0803,荣昌电信公司,城市,未捆绑,预付费小灵通,12121,12121增值区间费,6,14,901,2.74
0803,荣昌电信公司,城市,未捆绑,预付费小灵通,950901,950901灵通秘书增值市话费,6,11,171,2.16
0803,荣昌电信公司,城市,未捆绑,预付费小灵通,12121,12121增值区间费,8,40,1224,10.98
0803,荣昌电信公司,乡村,未捆绑,预付费小灵通,114,114增值市话费,34,73,4582,3.82
0803,荣昌电信公司,乡村,未捆绑,预付费小灵通,118100,118100增值市话费,1,2,181,0.39
0803,荣昌电信公司,乡村,未捆绑,预付费小灵通,168,168台增值市话费,1,2,126,0
0803,荣昌电信公司,乡村,未捆绑,预付费小灵通,118318,118318电话QQ增值市话费,4,9,4613,0.78
0803,荣昌电信公司,乡村,未捆绑,预付费小灵通,966118,966118电话QQ增值市话费,2,19,22601,0
0803,荣昌电信公司,乡村,未捆绑,预付费小灵通,96509,国利增值市话费,1,1,36,0
0803,荣昌电信公司,乡村,未捆绑,预付费小灵通,950901,950901灵通秘书增值市话费,3,7,629,0.2
0803,荣昌电信公司,乡村,未捆绑,预付费小灵通,968139,968139增值市话费,3,9,939,0.44
0803,荣昌电信公司,乡村,未捆绑,预付费小灵通,118114,118114增值市话费,6,9,342,0.39
0803,荣昌电信,乡村,未捆绑,预付费小灵通,12121,12121增值区间费,2,12,539,2.94
0803,巫溪电信公司,城市,未捆绑,预付费小灵通,114,114增值市话费,18,28,1729,5.68
0803,巫溪电信公司,城市,未捆绑,预付费小灵通,168,168台增值市话费,2,2,146,0.39
0803,巫溪电信公司,城市,未捆绑,预付费小灵通,12121,12121增值区间费,12,22,813,4.7
0803,巫溪电信公司,城市,未捆绑,预付费小灵通,12121,12121增值区间费,5,10,185,1.76
0803,巫溪电信公司,城市,未捆绑,预付费小灵通,12121,12121增值区间费,16,148,5209,46.45
0803,巫溪电信公司,乡村,未捆绑,预付费小灵通,12121,12121增值区间费,14,21,548,2.45
0803,巫溪电信公司,乡村,未捆绑,预付费小灵通,12121,12121增值区间费,1,2,39,0.39
0803,巫溪电信公司,乡村,未捆绑,预付费小灵通,12121,12121增值区间费,4,6,297,1.47
0803,巫溪电信公司,乡村,未捆绑,预付费小灵通,12121,12121增值区间费,3,5,103,0.49
0803,巫溪电信公司,乡村,未捆绑,预付费小灵通,12121,12121增值区间费,10,40,1933,8.72
0803,忠县电信公司,城市,未捆绑,预付费小灵通,12121,12121增值区间费,1,0,0,0.49
0803,忠县电信公司,城市,未捆绑,预付费小灵通,12121,12121增值区间费,14,31,1718,6.08
0803,忠县电信公司,城市,未捆绑,预付费小灵通,12121,12121增值区间费,2,3,71,0.59
0803,忠县电信公司,城市,未捆绑,预付费小灵通,12121,12121增值区间费,3,49,3218,39.69
0803,忠县电信公司,城市,未捆绑,预付费小灵通,12121,12121增值区间费,4,5,307,0.98
0803,忠县电信公司,城市,未捆绑,预付费小灵通,12121,12121增值区间费,1,2,71,0.39
0803,忠县电信公司,城市,未捆绑,预付费小灵通,12121,12121增值区间费,12,14,402,2.74
0803,忠县电信公司,城市,未捆绑,预付费小灵通,12121,12121增值区间费,1,1,20,0.2
0803,忠县电信公司,城市,未捆绑,预付费小灵通,12121,12121增值区间费,15,65,2923,22.15
0803,忠县电信公司,乡村,未捆绑,预付费小灵通,12121,12121增值区间费,33,70,3122,9.41
0803,忠县电信公司,乡村,未捆绑,预付费小灵通,12121,12121增值区间费,5,10,638,8.33
0803,忠县电信公司,乡村,未捆绑,预付费小灵通,12121,12121增值区间费,7,34,4265,8.13
0803,忠县电信公司,乡村,未捆绑,预付费小灵通,12121,12121增值区间费,8,17,711,3.33
0803,忠县电信公司,乡村,未捆绑,预付费小灵通,12121,12121增值区间费,3,6,953,2.06
0803,忠县电信公司,乡村,未捆绑,预付费小灵通,12121,12121增值区间费,2,3,166,0.59
0803,忠县电信公司,乡村,未捆绑,预付费小灵通,12121,12121增值区间费,10,21,867,4.12
0803,忠县电信公司,乡村,未捆绑,预付费小灵通,12121,12121增值区间费,1,1,9,0
0803,忠县电信公司,乡村,未捆绑,预付费小灵通,12121,12121增值区间费,9,11,275,1.96
0803,忠县电信公司,乡村,未捆绑,预付费小灵通,12121,12121增值区间费,20,145,5963,32.73
0803,云阳电信公司,城市,未捆绑,预付费小灵通,12121,12121增值区间费,43,65,3416,17.05
0803,云阳电信公司,城市,未捆绑,预付费小灵通,12121,12121增值区间费,1,1,9,0.29
0803,云阳电信公司,城市,未捆绑,预付费小灵通,12121,12121增值区间费,2,7,719,2.35
0803,云阳电信公司,城市,未捆绑,预付费小灵通,12121,12121增值区间费,1,1,197,0.44
0803,云阳电信公司,城市,未捆绑,预付费小灵通,12121,12121增值区间费,5,5,287,1.47
0803,云阳电信公司,城市,未捆绑,预付费小灵通,12121,12121增值区间费,1,1,85,0.29
0803,云阳电信公司,城市,未捆绑,预付费小灵通,12121,12121增值区间费,33,42,1133,11.17
0803,云阳电信公司,城市,未捆绑,预付费小灵通,12121,12121增值区间费,7,11,192,2.94
0803,云阳电信公司,城市,未捆绑,预付费小灵通,12121,12121增值区间费,11,76,3445,19.4
0803,云阳电信公司,乡村,未捆绑,预付费小灵通,12121,12121增值区间费,62,111,5647,17.2
0803,云阳电信公司,乡村,未捆绑,预付费小灵通,12121,12121增值区间费,3,7,2983,5.49
0803,云阳电信公司,乡村,未捆绑,预付费小灵通,12121,12121增值区间费,8,24,862,4.7
0803,云阳电信公司,乡村,未捆绑,预付费小灵通,12121,12121增值区间费,3,6,1156,1.67
0803,云阳电信公司,乡村,未捆绑,预付费小灵通,12121,12121增值区间费,2,25,10172,16.02
0803,云阳电信公司,乡村,未捆绑,预付费小灵通,12121,12121增值区间费,1,1,21,0
0803,云阳电信公司,乡村,未捆绑,预付费小灵通,12121,12121增值区间费,12,18,652,3.72
0803,云阳电信公司,乡村,未捆绑,预付费小灵通,12121,12121增值区间费,20,27,745,3.43
0803,云阳电信公司,乡村,未捆绑,预付费小灵通,12121,12121增值区间费,1,1,32,0.49
0803,云阳电信公司,乡村,未捆绑,预付费小灵通,12121,12121增值区间费,8,61,2842,14.31
0803,奉节电信公司,城市,未捆绑,预付费小灵通,114,114增值市话费,24,45,1982,4.12
0803,奉节电信公司,城市,未捆绑,预付费小灵通,96121,96121台增值市话费,1,2,116,0.39
0803,奉节电信公司,城市,未捆绑,预付费小灵通,118100,118100增值市话费,4,7,2272,3.82
0803,奉节电信公司,城市,未捆绑,预付费小灵通,168,168台增值市话费,3,4,158,0.78
0803,奉节电信公司,城市,未捆绑,预付费小灵通,118311,118311增值市话费,1,1,184,0.29
0803,奉节电信公司,城市,未捆绑,预付费小灵通,12121,12121增值区间费,14,18,441,3.53
0803,奉节电信公司,城市,未捆绑,预付费小灵通,12121,12121增值区间费,6,8,116,1.57
0803,奉节电信公司,城市,未捆绑,预付费小灵通,12121,12121增值区间费,25,130,5175,27.05
0803,奉节电信公司,乡村,未捆绑,预付费小灵通,12121,12121增值区间费,2,0,0,0.98
0803,奉节电信公司,乡村,未捆绑,预付费小灵通,114,114增值市话费,83,181,7767,22.54
0803,奉节电信公司,乡村,未捆绑,预付费小灵通,96121,96121台增值市话费,4,6,384,0.98
0803,奉节电信公司,乡村,未捆绑,预付费小灵通,118100,118100增值市话费,7,24,7512,3.33
0803,奉节电信公司,乡村,未捆绑,预付费小灵通,168,168台增值市话费,8,14,731,2.74
0803,奉节电信公司,乡村,未捆绑,预付费小灵通,118318,118318电话QQ增值市话费,3,3,200,0.59
0803,奉节电信公司,乡村,未捆绑,预付费小灵通,966118,966118电话QQ增值市话费,1,4,457,0.98
0803,奉节电信公司,乡村,未捆绑,预付费小灵通,96509,国利增值市话费,3,4,69,0
0803,奉节电信公司,乡村,未捆绑,预付费小灵通,950901,950901灵通秘书增值市话费,13,19,735,2.84
0803,奉节电信公司,乡村,未捆绑,预付费小灵通,968139,968139增值市话费,1,2,49,0.39
0803,奉节电信公司,乡村,未捆绑,预付费小灵通,118114,118114增值市话费,21,25,448,4.51
0803,奉节电信公司,乡村,未捆绑,预付费小灵通,12121,12121增值区间费,35,208,10098,43.22
0803,巫山电信公司,城市,未捆绑,预付费小灵通,114,114增值市话费,1,1,38,0.2
0803,巫山电信公司,城市,未捆绑,预付费小灵通,118114,118114增值市话费,1,10,194,1.96
0803,巫山电信,城市,未捆绑,预付费小灵通,12121,12121增值区间费,2,4,220,1.57
0803,巫山电信公司,乡村,未捆绑,预付费小灵通,114,114增值市话费,11,25,1113,4.7
0803,巫山电信公司,乡村,未捆绑,预付费小灵通,12117,12117增值市话费,1,2,31,0.39
0803,巫山电信公司,乡村,未捆绑,预付费小灵通,118100,118100增值市话费,1,1,4,0.2
0803,巫山电信公司,乡村,未捆绑,预付费小灵通,168,168台增值市话费,1,1,38,0.2
0803,巫山电信公司,乡村,未捆绑,预付费小灵通,118318,118318电话QQ增值市话费,1,2,20,0
0803,巫山电信公司,乡村,未捆绑,预付费小灵通,12121,12121增值区间费,2,2,70,0.39
0803,巫山电信公司,乡村,未捆绑,预付费小灵通,12121,12121增值区间费,6,9,236,1.57
0803,巫山电信公司,乡村,未捆绑,预付费小灵通,12121,12121增值区间费,2,19,615,3.72
0803,城口电信公司,城市,未捆绑,预付费小灵通,12121,12121增值区间费,9,19,900,1.47
0803,城口电信公司,城市,未捆绑,预付费小灵通,12121,12121增值区间费,1,7,1351,0
0803,城口电信公司,城市,未捆绑,预付费小灵通,12121,12121增值区间费,1,3,98,0.59
0803,城口电信公司,城市,未捆绑,预付费小灵通,12121,12121增值区间费,1,1,244,0
0803,城口电信公司,城市,未捆绑,预付费小灵通,12121,12121增值区间费,1,12,11412,0
0803,城口电信公司,城市,未捆绑,预付费小灵通,12121,12121增值区间费,4,7,337,1.57
0803,城口电信公司,城市,未捆绑,预付费小灵通,12121,12121增值区间费,4,6,159,1.08
0803,城口电信公司,城市,未捆绑,预付费小灵通,12121,12121增值区间费,6,60,2080,18.82
0803,城口电信公司,乡村,未捆绑,预付费小灵通,12121,12121增值区间费,16,21,1211,2.94
0803,城口电信公司,乡村,未捆绑,预付费小灵通,12121,12121增值区间费,3,10,1963,2.55
0803,城口电信公司,乡村,未捆绑,预付费小灵通,12121,12121增值区间费,1,1,94,0.2
0803,城口电信公司,乡村,未捆绑,预付费小灵通,12121,12121增值区间费,1,1,2,0
0803,城口电信公司,乡村,未捆绑,预付费小灵通,12121,12121增值区间费,1,3,141,0.59
0803,城口电信公司,乡村,未捆绑,预付费小灵通,12121,12121增值区间费,2,3,287,0.2
0803,城口电信,乡村,未捆绑,预付费小灵通,12121,12121增值区间费,4,21,588,1.37
0803,丰都电信公司,城市,未捆绑,预付费小灵通,12121,12121增值区间费,60,90,3992,15.88
0803,丰都电信公司,城市,未捆绑,预付费小灵通,12121,12121增值区间费,1,1,40,0.2
0803,丰都电信公司,城市,未捆绑,预付费小灵通,12121,12121增值区间费,2,4,154,0.78
0803,丰都电信公司,城市,未捆绑,预付费小灵通,12121,12121增值区间费,5,9,374,1.76
0803,丰都电信公司,城市,未捆绑,预付费小灵通,12121,12121增值区间费,2,9,6960,10.98
0803,丰都电信公司,城市,未捆绑,预付费小灵通,12121,12121增值区间费,2,3,40,0.59
0803,丰都电信公司,城市,未捆绑,预付费小灵通,12121,12121增值区间费,36,47,921,9.21
0803,丰都电信公司,城市,未捆绑,预付费小灵通,12121,12121增值区间费,10,12,210,1.96
0803,丰都,城市,未捆绑,预付费小灵通,12121,12121增值区间费,43,301,12941,96.48
0803,丰都电信公司,乡村,未捆绑,预付费小灵通,12121,12121增值区间费,1,0,0,0.49
0803,丰都电信公司,乡村,未捆绑,预付费小灵通,12121,12121增值区间费,78,126,6609,16.95
0803,丰都电信公司,乡村,未捆绑,预付费小灵通,12121,12121增值区间费,1,1,47,0.2
0803,丰都电信公司,乡村,未捆绑,预付费小灵通,12121,12121增值区间费,14,52,7956,12.15
0803,丰都电信公司,乡村,未捆绑,预付费小灵通,12121,12121增值区间费,2,2,324,0.49
0803,丰都电信公司,乡村,未捆绑,预付费小灵通,12121,12121增值区间费,1,1,6,0
0803,丰都电信公司,乡村,未捆绑,预付费小灵通,12121,12121增值区间费,5,10,805,2.06
0803,丰都电信公司,乡村,未捆绑,预付费小灵通,12121,12121增值区间费,2,5,1947,3.14
0803,丰都电信公司,乡村,未捆绑,预付费小灵通,12121,12121增值区间费,1,1,30,0.2
0803,丰都电信公司,乡村,未捆绑,预付费小灵通,12121,12121增值区间费,18,21,661,3.14
0803,丰都电信公司,乡村,未捆绑,预付费小灵通,12121,12121增值区间费,20,30,698,5.1
0803,丰都电信公司,乡村,未捆绑,预付费小灵通,12121,12121增值区间费,31,152,10835,52.87
0803,南川电信公司,城市,未捆绑,预付费小灵通,12121,12121增值区间费,7,12,573,2.74
0803,南川电信公司,城市,未捆绑,预付费小灵通,12121,12121增值区间费,1,1,17,0.2
0803,南川电信公司,城市,未捆绑,预付费小灵通,12121,12121增值区间费,1,1,30,0.29
0803,南川电信公司,城市,未捆绑,预付费小灵通,12121,12121增值区间费,1,2,33,0.59
0803,南川电信公司,城市,未捆绑,预付费小灵通,12121,12121增值区间费,1,1,34,0.29
0803,南川电信公司,乡村,未捆绑,预付费小灵通,12121,12121增值区间费,9,21,1230,0.29
0803,南川电信公司,乡村,未捆绑,预付费小灵通,12121,12121增值区间费,1,8,325,0
0803,南川电信公司,乡村,未捆绑,预付费小灵通,966118,966118电话QQ增值市话费,1,4,100,1.18
0803,南川电信公司,乡村,未捆绑,预付费小灵通,950901,950901灵通秘书增值市话费,3,4,227,0
0803,南川电信公司,乡村,未捆绑,预付费小灵通,118114,118114增值市话费,2,2,47,0
0803,南川电信公司,乡村,未捆绑,预付费小灵通,12121,12121增值区间费,9,58,3840,4.12
0803,酉阳电信公司,城市,未捆绑,预付费小灵通,114,114增值市话费,32,58,2366,7.55
0803,酉阳电信公司,城市,未捆绑,预付费小灵通,168,168台增值市话费,3,5,531,0.49
0803,酉阳电信公司,城市,未捆绑,预付费小灵通,118318,118318电话QQ增值市话费,2,3,335,0
0803,酉阳电信公司,城市,未捆绑,预付费小灵通,96509,国利增值市话费,1,1,52,0
0803,酉阳电信公司,城市,未捆绑,预付费小灵通,950901,950901灵通秘书增值市话费,20,28,597,4.61
0803,酉阳电信公司,城市,未捆绑,预付费小灵通,118114,118114增值市话费,16,21,461,1.08
0803,酉阳电信公司,城市,未捆绑,预付费小灵通,12121,12121增值区间费,11,55,3750,11.76
0803,酉阳电信公司,乡村,未捆绑,预付费小灵通,114,114增值市话费,56,121,5865,5.68
0803,酉阳电信公司,乡村,未捆绑,预付费小灵通,12121,12121增值区间费,1,1,24,0
0803,酉阳电信公司,乡村,未捆绑,预付费小灵通,12121,12121增值区间费,11,34,12977,0
0803,酉阳电信公司,乡村,未捆绑,预付费小灵通,12121,12121增值区间费,5,9,460,0.88
0803,酉阳电信公司,乡村,未捆绑,预付费小灵通,12121,12121增值区间费,2,2,328,0
0803,酉阳电信公司,乡村,未捆绑,预付费小灵通,118318,118318电话QQ增值市话费,5,5,2525,0
0803,酉阳电信公司,乡村,未捆绑,预付费小灵通,966118,966118电话QQ增值市话费,3,158,47712,0
0803,酉阳电信公司,乡村,未捆绑,预付费小灵通,96509,国利增值市话费,3,3,56,0
0803,酉阳电信公司,乡村,未捆绑,预付费小灵通,950901,950901灵通秘书增值市话费,17,28,1076,0.69
0803,酉阳电信公司,乡村,未捆绑,预付费小灵通,968139,968139增值市话费,2,7,296,0
0803,酉阳电信公司,乡村,未捆绑,预付费小灵通,118114,118114增值市话费,54,97,1871,6.47
0803,酉阳电信公司,乡村,未捆绑,预付费小灵通,12121,12121增值区间费,11,84,3396,0.1
0803,秀山电信公司,城市,未捆绑,预付费小灵通,114,114增值市话费,41,59,2171,16.95
0803,秀山电信公司,城市,未捆绑,预付费小灵通,12117,12117增值市话费,1,2,75,0.59
0803,秀山电信公司,城市,未捆绑,预付费小灵通,96121,96121台增值市话费,1,1,19,0.29
0803,秀山电信公司,城市,未捆绑,预付费小灵通,118100,118100增值市话费,2,3,473,0.29
0803,秀山电信公司,城市,未捆绑,预付费小灵通,168,168台增值市话费,2,2,129,0.49
0803,秀山电信公司,城市,未捆绑,预付费小灵通,118318,118318电话QQ增值市话费,2,2,32,0.59
0803,秀山电信公司,城市,未捆绑,预付费小灵通,96509,国利增值市话费,1,1,28,0.29
0803,秀山电信公司,城市,未捆绑,预付费小灵通,950901,950901灵通秘书增值市话费,67,102,3869,29.79
0803,秀山电信公司,城市,未捆绑,预付费小灵通,968139,968139增值市话费,1,1,4,0.29
0803,秀山电信公司,城市,未捆绑,预付费小灵通,118114,118114增值市话费,10,13,305,3.82
0803,秀山电信公司,城市,未捆绑,预付费小灵通,12121,12121增值区间费,19,94,6950,46.45
0803,秀山电信公司,乡村,未捆绑,预付费小灵通,12121,12121增值区间费,1,0,0,1.96
0803,秀山电信公司,乡村,未捆绑,预付费小灵通,12121,12121增值区间费,61,107,4368,21.85
0803,秀山电信公司,乡村,未捆绑,预付费小灵通,12121,12121增值区间费,12,25,4554,8.57
0803,秀山电信公司,乡村,未捆绑,预付费小灵通,168,168台增值市话费,3,4,179,0.78
0803,秀山电信公司,乡村,未捆绑,预付费小灵通,118318,118318电话QQ增值市话费,12,34,5420,12.99
0803,秀山电信公司,乡村,未捆绑,预付费小灵通,966118,966118电话QQ增值市话费,3,5,714,1.57
0803,秀山电信公司,乡村,未捆绑,预付费小灵通,950901,950901灵通秘书增值市话费,16,31,1370,8.04
0803,秀山电信公司,乡村,未捆绑,预付费小灵通,968139,968139增值市话费,7,12,882,2.74
0803,秀山电信公司,乡村,未捆绑,预付费小灵通,118114,118114增值市话费,17,24,399,4.02
0803,秀山电信公司,乡村,未捆绑,预付费小灵通,12121,12121增值区间费,11,41,3541,19.31
0803,彭水电信公司,城市,未捆绑,预付费小灵通,114,114增值市话费,29,86,3501,5.39
0803,彭水电信公司,城市,未捆绑,预付费小灵通,118100,118100增值市话费,2,2,609,0.2
0803,彭水电信公司,城市,未捆绑,预付费小灵通,966118,966118电话QQ增值市话费,3,4,363,0.88
0803,彭水电信公司,城市,未捆绑,预付费小灵通,96509,国利增值市话费,1,1,40,0
0803,彭水电信公司,城市,未捆绑,预付费小灵通,950901,950901灵通秘书增值市话费,14,31,1541,4.8
0803,彭水电信公司,城市,未捆绑,预付费小灵通,968139,968139增值市话费,1,2,451,0
0803,彭水电信公司,城市,未捆绑,预付费小灵通,118114,118114增值市话费,5,12,234,1.08
0803,彭水电信,城市,未捆绑,预付费小灵通,12121,12121增值区间费,7,106,4364,0.29
0803,彭水电信公司,乡村,未捆绑,预付费小灵通,12121,12121增值区间费,125,235,12622,9.02
0803,彭水电信公司,乡村,未捆绑,预付费小灵通,12121,12121增值区间费,2,9,355,1.18
0803,彭水电信公司,乡村,未捆绑,预付费小灵通,12121,12121增值区间费,8,32,10207,5.1
0803,彭水电信公司,乡村,未捆绑,预付费小灵通,12121,12121增值区间费,5,57,2120,0.98
0803,彭水电信公司,乡村,未捆绑,预付费小灵通,118311,118311增值市话费,1,1,20,0.2
0803,彭水电信公司,乡村,未捆绑,预付费小灵通,118318,118318电话QQ增值市话费,8,37,11361,0.39
0803,彭水电信公司,乡村,未捆绑,预付费小灵通,966118,966118电话QQ增值市话费,13,116,93959,3.14
0803,彭水电信公司,乡村,未捆绑,预付费小灵通,96509,国利增值市话费,3,3,71,0
0803,彭水电信公司,乡村,未捆绑,预付费小灵通,950901,950901灵通秘书增值市话费,33,48,1684,2.35
0803,彭水电信公司,乡村,未捆绑,预付费小灵通,968139,968139增值市话费,2,11,2877,5
0803,彭水电信公司,乡村,未捆绑,预付费小灵通,118114,118114增值市话费,34,65,1522,6.86
0803,彭水电信,乡村,未捆绑,预付费小灵通,12121,12121增值区间费,24,216,9935,11.56
0803,綦江电信公司,城市,未捆绑,预付费小灵通,114,114增值市话费,4,4,251,0.88
0803,綦江电信公司,城市,未捆绑,预付费小灵通,950901,950901灵通秘书增值市话费,1,1,5,0
0803,綦江电信公司,城市,未捆绑,预付费小灵通,118114,118114增值市话费,1,1,17,0.29
0803,綦江,城市,未捆绑,预付费小灵通,12121,12121增值区间费,1,3,92,0.88
0803,綦江电信公司,乡村,未捆绑,预付费小灵通,12121,12121增值区间费,29,50,3662,3.53
0803,綦江电信公司,乡村,未捆绑,预付费小灵通,12121,12121增值区间费,1,1,11,0
0803,綦江电信公司,乡村,未捆绑,预付费小灵通,12121,12121增值区间费,1,3,220,0.88
0803,綦江电信公司,乡村,未捆绑,预付费小灵通,12121,12121增值区间费,1,5,1330,0
0803,綦江电信公司,乡村,未捆绑,预付费小灵通,168,168台增值市话费,1,1,1,0.2
0803,綦江电信公司,乡村,未捆绑,预付费小灵通,950901,950901灵通秘书增值市话费,3,3,16,0.39
0803,綦江电信公司,乡村,未捆绑,预付费小灵通,118114,118114增值市话费,8,15,323,2.25
0803,綦江电信公司,乡村,未捆绑,预付费小灵通,12121,12121增值区间费,4,14,637,1.57
0803,万盛电信公司,城市,未捆绑,预付费小灵通,114,114增值市话费,9,12,701,0.69
0803,万盛电信公司,城市,未捆绑,预付费小灵通,168,168台增值市话费,1,2,92,0.39
0803,万盛电信公司,城市,未捆绑,预付费小灵通,12121,12121增值区间费,2,2,22,0.49
0803,万盛电信公司,城市,未捆绑,预付费小灵通,12121,12121增值区间费,2,3,65,0
0803,万盛电信,城市,未捆绑,预付费小灵通,12121,12121增值区间费,3,3,111,0.88
0803,万盛电信公司,乡村,未捆绑,预付费小灵通,12121,12121增值区间费,1,0,0,0.49
0803,万盛电信公司,乡村,未捆绑,预付费小灵通,12121,12121增值区间费,55,108,6634,3.04
0803,万盛电信公司,乡村,未捆绑,预付费小灵通,12121,12121增值区间费,3,14,149,0.39
0803,万盛电信公司,乡村,未捆绑,预付费小灵通,12121,12121增值区间费,3,4,72,0.2
0803,万盛电信公司,乡村,未捆绑,预付费小灵通,12121,12121增值区间费,6,14,4110,1.67
0803,万盛电信公司,乡村,未捆绑,预付费小灵通,12121,12121增值区间费,3,9,379,1.76
0803,万盛电信公司,乡村,未捆绑,预付费小灵通,12121,12121增值区间费,3,6,372,0
0803,万盛电信公司,乡村,未捆绑,预付费小灵通,12121,12121增值区间费,3,13,7060,0.2
0803,万盛电信公司,乡村,未捆绑,预付费小灵通,12121,12121增值区间费,6,8,180,0.98
0803,万盛电信公司,乡村,未捆绑,预付费小灵通,12121,12121增值区间费,6,8,159,0.39
0803,万盛电信公司,乡村,未捆绑,预付费小灵通,12121,12121增值区间费,10,28,1175,1.57
0803,铜梁电信公司,城市,未捆绑,预付费小灵通,12121,12121增值区间费,10,12,491,2.74
0803,铜梁电信公司,城市,未捆绑,预付费小灵通,12121,12121增值区间费,1,2,119,0
0803,铜梁电信公司,城市,未捆绑,预付费小灵通,12121,12121增值区间费,1,1,21,0.2
0803,铜梁电信公司,城市,未捆绑,预付费小灵通,12121,12121增值区间费,6,10,211,2.35
0803,铜梁电信公司,城市,未捆绑,预付费小灵通,12121,12121增值区间费,2,22,3606,6.96
0803,铜梁,城市,未捆绑,预付费小灵通,12121,12121增值区间费,3,16,806,5.39
0803,铜梁电信公司,乡村,未捆绑,预付费小灵通,12121,12121增值区间费,44,78,4379,14.6
0803,铜梁电信公司,乡村,未捆绑,预付费小灵通,12121,12121增值区间费,1,2,35,0.39
0803,铜梁电信公司,乡村,未捆绑,预付费小灵通,12121,12121增值区间费,4,8,1369,2.65
0803,铜梁电信公司,乡村,未捆绑,预付费小灵通,12121,12121增值区间费,3,10,539,1.96
0803,铜梁电信公司,乡村,未捆绑,预付费小灵通,12121,12121增值区间费,1,1,4,0
0803,铜梁电信公司,乡村,未捆绑,预付费小灵通,12121,12121增值区间费,1,1,71,0.2
0803,铜梁电信公司,乡村,未捆绑,预付费小灵通,12121,12121增值区间费,11,14,604,2.84
0803,铜梁电信公司,乡村,未捆绑,预付费小灵通,12121,12121增值区间费,5,7,117,1.37
0803,铜梁电信公司,乡村,未捆绑,预付费小灵通,12121,12121增值区间费,1,5,249,2.94
0803,铜梁电信,乡村,未捆绑,预付费小灵通,12121,12121增值区间费,17,112,8956,40.67
0803,梁平电信公司,城市,未捆绑,预付费小灵通,12121,12121增值区间费,10,14,470,4.02
0803,梁平电信公司,城市,未捆绑,预付费小灵通,12121,12121增值区间费,2,4,318,1.18
0803,梁平电信公司,城市,未捆绑,预付费小灵通,12121,12121增值区间费,1,1,16,0.29
0803,梁平电信,城市,未捆绑,预付费小灵通,12121,12121增值区间费,7,47,1908,14.99
0803,梁平电信公司,乡村,未捆绑,预付费小灵通,12121,12121增值区间费,9,14,773,2.65
0803,梁平电信公司,乡村,未捆绑,预付费小灵通,12121,12121增值区间费,1,1,4,0
0803,梁平电信公司,乡村,未捆绑,预付费小灵通,12121,12121增值区间费,1,1,46,0.29
0803,梁平电信公司,乡村,未捆绑,预付费小灵通,12121,12121增值区间费,1,1,7,0
0803,梁平电信公司,乡村,未捆绑,预付费小灵通,12121,12121增值区间费,7,93,3901,14.11
0803,武隆电信公司,城市,未捆绑,预付费小灵通,12121,12121增值区间费,21,34,1685,4.9
0803,武隆电信公司,城市,未捆绑,预付费小灵通,12121,12121增值区间费,3,3,800,0.2
0803,武隆电信公司,城市,未捆绑,预付费小灵通,12121,12121增值区间费,4,9,725,1.67
0803,武隆电信公司,城市,未捆绑,预付费小灵通,12121,12121增值区间费,1,1,13,0.2
0803,武隆电信公司,城市,未捆绑,预付费小灵通,12121,12121增值区间费,8,27,711,4.8
0803,武隆电信公司,城市,未捆绑,预付费小灵通,12121,12121增值区间费,3,3,34,0.49
0803,武隆,城市,未捆绑,预付费小灵通,12121,12121增值区间费,8,72,2968,22.54
0803,武隆电信公司,乡村,未捆绑,预付费小灵通,114,114增值市话费,50,79,3901,5.68
0803,武隆电信公司,乡村,未捆绑,预付费小灵通,118100,118100增值市话费,6,25,9658,1.57
0803,武隆电信公司,乡村,未捆绑,预付费小灵通,168,168台增值市话费,3,7,476,0.98
0803,武隆电信公司,乡村,未捆绑,预付费小灵通,118318,118318电话QQ增值市话费,2,4,1249,0
0803,武隆电信公司,乡村,未捆绑,预付费小灵通,12121,12121增值区间费,1,1,1224,0
0803,武隆电信公司,乡村,未捆绑,预付费小灵通,12121,12121增值区间费,1,1,6,0
0803,武隆电信公司,乡村,未捆绑,预付费小灵通,12121,12121增值区间费,14,19,725,1.37
0803,武隆电信公司,乡村,未捆绑,预付费小灵通,12121,12121增值区间费,1,5,330,0
0803,武隆电信公司,乡村,未捆绑,预付费小灵通,118114,118114增值市话费,5,5,125,0.59
0803,武隆电信公司,乡村,未捆绑,预付费小灵通,12121,12121增值区间费,10,57,1620,3.33
0803,垫江电信公司,城市,未捆绑,预付费小灵通,114,114增值市话费,30,42,2027,6.82
0803,垫江电信公司,城市,未捆绑,预付费小灵通,96121,96121台增值市话费,1,1,18,0.12
0803,垫江电信公司,城市,未捆绑,预付费小灵通,168,168台增值市话费,2,5,36,1.08
0803,垫江电信公司,城市,未捆绑,预付费小灵通,118318,118318电话QQ增值市话费,2,4,1358,0.69
0803,垫江电信公司,城市,未捆绑,预付费小灵通,96509,国利增值市话费,1,2,3,0.39
0803,垫江电信公司,城市,未捆绑,预付费小灵通,950901,950901灵通秘书增值市话费,24,31,809,6.54
0803,垫江电信公司,城市,未捆绑,预付费小灵通,118114,118114增值市话费,8,14,282,2.63
0803,垫江电信公司,城市,未捆绑,预付费小灵通,12121,12121增值区间费,13,100,8496,47.68
0803,垫江电信公司,乡村,未捆绑,预付费小灵通,,其他声讯费,2,0,0,0.98
0803,垫江电信公司,乡村,未捆绑,预付费小灵通,114,114增值市话费,52,86,4005,4.82
0803,垫江电信公司,乡村,未捆绑,预付费小灵通,96121,96121台增值市话费,2,2,131,0
0803,垫江电信公司,乡村,未捆绑,预付费小灵通,118100,118100增值市话费,1,2,425,0
0803,垫江电信公司,乡村,未捆绑,预付费小灵通,168,168台增值市话费,4,6,507,0.63
0803,垫江电信公司,乡村,未捆绑,预付费小灵通,118318,118318电话QQ增值市话费,3,15,1271,0
0803,垫江电信公司,乡村,未捆绑,预付费小灵通,12121,12121增值区间费,12,16,575,1.48
0803,垫江电信公司,乡村,未捆绑,预付费小灵通,12121,12121增值区间费,2,2,104,0.49
0803,垫江电信公司,乡村,未捆绑,预付费小灵通,12121,12121增值区间费,16,21,354,1.96
0803,垫江电信公司,乡村,未捆绑,预付费小灵通,12121,12121增值区间费,11,69,2474,13.67
0803,黔江电信公司,城市,未捆绑,预付费小灵通,114,114增值市话费,29,66,2404,14.5
0803,黔江电信公司,城市,未捆绑,预付费小灵通,96121,96121台增值市话费,2,3,49,0.39
0803,黔江电信公司,城市,未捆绑,预付费小灵通,168,168台增值市话费,5,6,319,1.27
0803,黔江电信公司,城市,未捆绑,预付费小灵通,95099,广兆台增值市话费,1,2,53,0
0803,黔江电信公司,城市,未捆绑,预付费小灵通,118318,118318电话QQ增值市话费,2,2,64,0.39
0803,黔江电信公司,城市,未捆绑,预付费小灵通,950901,950901灵通秘书增值市话费,8,17,612,4.02
0803,黔江电信公司,城市,未捆绑,预付费小灵通,118114,118114增值市话费,9,14,223,2.94
0803,黔江电信公司,城市,未捆绑,预付费小灵通,12121,12121增值区间费,14,97,4115,18.23
0803,黔江电信公司,乡村,未捆绑,预付费小灵通,,其他声讯费,1,0,0,1.96
0803,黔江电信公司,乡村,未捆绑,预付费小灵通,12121,12121增值区间费,65,114,5805,13.43
0803,黔江电信公司,乡村,未捆绑,预付费小灵通,12121,12121增值区间费,6,18,6096,9.9
0803,黔江电信公司,乡村,未捆绑,预付费小灵通,12121,12121增值区间费,3,12,491,2.65
0803,黔江电信公司,乡村,未捆绑,预付费小灵通,12121,12121增值区间费,1,1,99,0
0803,黔江电信公司,乡村,未捆绑,预付费小灵通,12121,12121增值区间费,5,29,15562,0.98
0803,黔江电信公司,乡村,未捆绑,预付费小灵通,12121,12121增值区间费,3,3,471,0.98
0803,黔江电信公司,乡村,未捆绑,预付费小灵通,12121,12121增值区间费,1,1,38,0
0803,黔江电信公司,乡村,未捆绑,预付费小灵通,12121,12121增值区间费,12,33,2295,2.74
0803,黔江电信公司,乡村,未捆绑,预付费小灵通,12121,12121增值区间费,4,39,6759,1.18
0803,黔江电信公司,乡村,未捆绑,预付费小灵通,12121,12121增值区间费,28,48,900,8.23
0803,黔江电信公司,乡村,未捆绑,预付费小灵通,12121,12121增值区间费,1,10,149,4.9
0803,黔江,乡村,未捆绑,预付费小灵通,12121,12121增值区间费,9,98,5510,10
0803,南坪局,城市,未捆绑,预付费小灵通,12121,12121增值区间费,2612,5833,404986,1231.22
0803,南坪局,城市,未捆绑,预付费小灵通,12121,12121增值区间费,33,74,3662,16.76
0803,南坪局,城市,未捆绑,预付费小灵通,12121,12121增值区间费,1,4,162,1.18
0803,南坪局,城市,未捆绑,预付费小灵通,12121,12121增值区间费,82,308,75457,135.93
0803,南坪局,城市,未捆绑,预付费小灵通,12121,12121增值区间费,236,514,45096,115.1
0803,南坪局,城市,未捆绑,预付费小灵通,12121,12121增值区间费,225,1187,76735,269.89
0803,南坪局,城市,未捆绑,预付费小灵通,12121,12121增值区间费,254,576,74643,0
0803,南坪局,城市,未捆绑,预付费小灵通,12121,12121增值区间费,4,7,403,1.67
0803,南坪局,城市,未捆绑,预付费小灵通,12121,12121增值区间费,4,10,417,1.96
0803,南坪局,城市,未捆绑,预付费小灵通,12121,12121增值区间费,1,1,42,0.2
0803,南坪局,城市,未捆绑,预付费小灵通,12121,12121增值区间费,4,18,806,0
0803,南坪局,城市,未捆绑,预付费小灵通,12121,12121增值区间费,133,628,211434,380.29
0803,南坪局,城市,未捆绑,预付费小灵通,12121,12121增值区间费,70,461,256247,433.31
0803,南坪局,城市,未捆绑,预付费小灵通,12121,12121增值区间费,328,823,126773,0
0803,南坪局,城市,未捆绑,预付费小灵通,12121,12121增值区间费,3,3,39,0.59
0803,南坪局,城市,未捆绑,预付费小灵通,12121,12121增值区间费,100,245,20507,51.89
0803,南坪局,城市,未捆绑,预付费小灵通,12121,12121增值区间费,237,377,17861,80.8
0803,南坪局,城市,未捆绑,预付费小灵通,12121,12121增值区间费,49,117,9071,31.7
0803,南坪局,城市,未捆绑,预付费小灵通,12121,12121增值区间费,215,332,17408,73.11
0803,南坪局,城市,未捆绑,预付费小灵通,12121,12121增值区间费,8,34,4219,8.09
0803,南坪局,城市,未捆绑,预付费小灵通,12121,12121增值区间费,4,18,806,11.76
0803,上清寺局,城市,未捆绑,预付费小灵通,12121,12121增值区间费,3051,7145,496852,1480.24
0803,上清寺局,城市,未捆绑,预付费小灵通,12121,12121增值区间费,2,6,64,1.18
0803,上清寺局,城市,未捆绑,预付费小灵通,12121,12121增值区间费,47,215,15949,45.28
0803,上清寺局,城市,未捆绑,预付费小灵通,12121,12121增值区间费,86,248,57352,106.09
0803,上清寺局,城市,未捆绑,预付费小灵通,12121,12121增值区间费,264,635,59625,147.29
0803,上清寺电信公司,城市,未捆绑,预付费小灵通,12121,12121增值区间费,224,1438,92191,308.36
0803,上清寺局,城市,未捆绑,预付费小灵通,12121,12121增值区间费,328,750,103635,0
0803,上清寺局,城市,未捆绑,预付费小灵通,12121,12121增值区间费,3,3,263,0.69
0803,上清寺局,城市,未捆绑,预付费小灵通,12121,12121增值区间费,1,1,4,0.2
0803,上清寺局,城市,未捆绑,预付费小灵通,12121,12121增值区间费,115,1259,194422,442.62
0803,上清寺局,城市,未捆绑,预付费小灵通,12121,12121增值区间费,50,990,582457,950.75
0803,上清寺局,城市,未捆绑,预付费小灵通,12121,12121增值区间费,403,2118,304867,0
0803,上清寺局,城市,未捆绑,预付费小灵通,12121,12121增值区间费,2,2,72,0.39
0803,上清寺局,城市,未捆绑,预付费小灵通,96899,96899增值市话费,214,704,61490,151.56
0803,上清寺局,城市,未捆绑,预付费小灵通,950901,950901灵通秘书增值市话费,341,498,20464,103.05
0803,上清寺局,城市,未捆绑,预付费小灵通,968139,968139增值市话费,22,325,30802,88.2
0803,上清寺局,城市,未捆绑,预付费小灵通,118114,118114增值市话费,240,427,24736,92.9
0803,上清寺局,城市,未捆绑,预付费小灵通,66004,66004增值市话费,9,21,1667,4.61
0803,上清寺局,城市,未捆绑,预付费小灵通,118313,118313语音信箱,1,1,8,0.2
0803,观音桥局,城市,未捆绑,预付费小灵通,114,114增值市话费,3008,6860,486678,1415.22
0803,观音桥局,城市,未捆绑,预付费小灵通,12121,12121增值区间费,3,4,139,0.78
0803,观音桥局,城市,未捆绑,预付费小灵通,12121,12121增值区间费,42,161,10317,34.89
0803,观音桥局,城市,未捆绑,预付费小灵通,12121,12121增值区间费,85,241,60521,108.58
0803,观音桥局,城市,未捆绑,预付费小灵通,12121,12121增值区间费,290,848,72741,187.52
0803,观音桥局,城市,未捆绑,预付费小灵通,12121,12121增值市话费,226,1448,99144,319.58
0803,观音桥局,城市,未捆绑,预付费小灵通,40081,40081增值市话费,321,746,96279,0
0803,观音桥局,城市,未捆绑,预付费小灵通,118311,118311增值市话费,2,2,24,0.39
0803,观音桥局,城市,未捆绑,预付费小灵通,966111,966111增值市话费,3,3,270,0.69
0803,观音桥局,城市,未捆绑,预付费小灵通,40086,40086增值市话费,3,3,644,0
0803,观音桥局,城市,未捆绑,预付费小灵通,118318,118318电话QQ增值市话费,111,587,241317,417.43
0803,观音桥局,城市,未捆绑,预付费小灵通,966118,966118电话QQ增值市话费,55,530,329391,547.18
0803,观音桥局,城市,未捆绑,预付费小灵通,40088,40088增值市话费,419,1418,210860,0
0803,观音桥局,城市,未捆绑,预付费小灵通,96509,国利台增值市话费,5,6,103,1.18
0803,观音桥局,城市,未捆绑,预付费小灵通,96899,96899增值市话费,168,671,47848,140.14
0803,观音桥局,城市,未捆绑,预付费小灵通,950901,950901灵通秘书增值市话费,431,660,28412,136.12
0803,观音桥局,城市,未捆绑,预付费小灵通,968139,968139增值市话费,12,153,10970,33.71
0803,观音桥局,城市,未捆绑,预付费小灵通,118114,118114增值市话费,218,396,19166,83.2
0803,观音桥局,城市,未捆绑,预付费小灵通,66004,66004增值市话费,3,17,1858,3.63
0803,沙坪坝局,城市,未捆绑,预付费小灵通,114,114增值市话费,3318,7441,512044,1548.01
0803,沙坪坝局,城市,未捆绑,预付费小灵通,12117,12117增值市话费,2,3,108,0.59
0803,沙坪坝局,城市,未捆绑,预付费小灵通,96121,96121台增值市话费,47,207,11800,41.85
0803,沙坪坝局,城市,未捆绑,预付费小灵通,118100,118100增值市话费,107,433,116413,207.86
0803,沙坪坝局,城市,未捆绑,预付费小灵通,168,168台增值市话费,294,686,55357,147.15
0803,沙坪坝局,城市,未捆绑,预付费小灵通,12121,12121增值市话费,291,1569,93645,334.38
0803,沙坪坝局,城市,未捆绑,预付费小灵通,40081,40081增值市话费,368,794,99826,0
0803,沙坪坝局,城市,未捆绑,预付费小灵通,12121,12121增值区间费,1,1,2,0.2
0803,沙坪坝局,城市,未捆绑,预付费小灵通,12121,12121增值区间费,2,4,243,1.08
0803,沙坪坝局,城市,未捆绑,预付费小灵通,12121,12121增值区间费,2,4,1402,0
0803,沙坪坝局,城市,未捆绑,预付费小灵通,12121,12121增值区间费,2,32,5005,0
0803,沙坪坝局,城市,未捆绑,预付费小灵通,12121,12121增值区间费,134,752,257669,460.36
0803,沙坪坝局,城市,未捆绑,预付费小灵通,12121,12121增值区间费,58,385,248775,422.63
0803,沙坪坝局,城市,未捆绑,预付费小灵通,12121,12121增值区间费,424,1120,170719,0
0803,沙坪坝局,城市,未捆绑,预付费小灵通,12121,12121增值区间费,2,2,35,0.39
0803,沙坪坝局,城市,未捆绑,预付费小灵通,12121,12121增值区间费,216,664,51351,140.73
0803,沙坪坝局,城市,未捆绑,预付费小灵通,12121,12121增值区间费,413,669,27543,140.97
0803,沙坪坝局,城市,未捆绑,预付费小灵通,12121,12121增值区间费,22,195,40187,78.3
0803,沙坪坝局,城市,未捆绑,预付费小灵通,12121,12121增值区间费,249,424,21084,94.08
0803,沙坪坝局,城市,未捆绑,预付费小灵通,12121,12121增值区间费,3,3,255,0.59
0803,沙坪坝局,城市,未捆绑,预付费小灵通,12121,12121增值区间费,2,32,5005,48.51
0803,杨家坪局,城市,未捆绑,预付费小灵通,12121,12121增值区间费,3348,8073,568271,1683.49
0803,杨家坪局,城市,未捆绑,预付费小灵通,12121,12121增值区间费,2,5,57,1.18
0803,杨家坪局,城市,未捆绑,预付费小灵通,12121,12121增值区间费,44,188,13545,38.71
0803,杨家坪局,城市,未捆绑,预付费小灵通,12121,12121增值区间费,1,1,37,0.2
0803,杨家坪局,城市,未捆绑,预付费小灵通,12121,12121增值区间费,119,413,84419,160.72
0803,杨家坪局,城市,未捆绑,预付费小灵通,12121,12121增值区间费,311,661,56978,150.87
0803,杨家坪局,城市,未捆绑,预付费小灵通,12121,12121增值区间费,298,1848,115965,384.06
0803,杨家坪局,城市,未捆绑,预付费小灵通,12121,12121增值区间费,374,906,110330,0
0803,杨家坪局,城市,未捆绑,预付费小灵通,12121,12121增值区间费,1,1,23,0.2
0803,杨家坪局,城市,未捆绑,预付费小灵通,12121,12121增值区间费,1,2,86,0.39
0803,杨家坪局,城市,未捆绑,预付费小灵通,12121,12121增值区间费,3,6,910,0
0803,杨家坪局,城市,未捆绑,预付费小灵通,12121,12121增值区间费,4,6,135,0
0803,杨家坪局,城市,未捆绑,预付费小灵通,12121,12121增值区间费,145,779,343932,598
0803,杨家坪局,城市,未捆绑,预付费小灵通,12121,12121增值区间费,80,345,188764,329.23
0803,杨家坪局,城市,未捆绑,预付费小灵通,12121,12121增值区间费,1,1,12,0.2
0803,杨家坪局,城市,未捆绑,预付费小灵通,12121,12121增值区间费,424,1611,237857,0
0803,杨家坪局,城市,未捆绑,预付费小灵通,12121,12121增值区间费,1,1,24,0.29
0803,杨家坪局,城市,未捆绑,预付费小灵通,12121,12121增值区间费,199,577,47386,124.07
0803,杨家坪局,城市,未捆绑,预付费小灵通,12121,12121增值区间费,412,607,28251,127.3
0803,杨家坪局,城市,未捆绑,预付费小灵通,12121,12121增值区间费,23,236,26632,72.37
0803,杨家坪局,城市,未捆绑,预付费小灵通,12121,12121增值区间费,289,489,26332,106.58
0803,杨家坪局,城市,未捆绑,预付费小灵通,12121,12121增值区间费,9,17,3392,6.08
0803,杨家坪局,城市,未捆绑,预付费小灵通,12121,12121增值区间费,1,6,221,1.76
0803,杨家坪局,城市,未捆绑,预付费小灵通,12121,12121增值区间费,4,6,135,3.43
0803,北部新区局,城市,未捆绑,预付费小灵通,12121,12121增值区间费,384,747,50840,156.75
0803,北部新区局,城市,未捆绑,预付费小灵通,12121,12121增值区间费,7,9,558,1.76
0803,北部新区局,城市,未捆绑,预付费小灵通,12121,12121增值区间费,9,24,4932,9.11
0803,北部新区局,城市,未捆绑,预付费小灵通,12121,12121增值区间费,32,124,10118,27.15
0803,北部新区局,城市,未捆绑,预付费小灵通,12121,12121增值区间费,29,246,13333,49.1
0803,北部新区局,城市,未捆绑,预付费小灵通,12121,12121增值区间费,43,75,10805,0
0803,北部新区局,城市,未捆绑,预付费小灵通,12121,12121增值区间费,1,1,16,0.29
0803,北部新区局,城市,未捆绑,预付费小灵通,12121,12121增值区间费,15,105,37824,66.15
0803,北部新区局,城市,未捆绑,预付费小灵通,966118,966118电话QQ增值市话费,8,209,69623,124.66
0803,北部新区局,城市,未捆绑,预付费小灵通,40088,40088增值市话费,65,190,25295,0
0803,北部新区局,城市,未捆绑,预付费小灵通,12121,12121增值区间费,1,1,18,0.2
0803,北部新区局,城市,未捆绑,预付费小灵通,12121,12121增值区间费,29,90,6755,18.82
0803,北部新区局,城市,未捆绑,预付费小灵通,12121,12121增值区间费,55,81,3828,17.05
0803,北部新区局,城市,未捆绑,预付费小灵通,12121,12121增值区间费,1,3,891,1.37
0803,北部新区局,城市,未捆绑,预付费小灵通,118114,118114增值市话费,37,56,2321,12.15
0803,北部新区局,城市,未捆绑,预付费小灵通,66004,66004增值市话费,1,1,151,0.2
